"species","ebov_auc","bomv_auc","bdbv_auc","tafv_auc","restv_auc","sudv_auc","mlav_auc","llov_auc","marv_auc","ravn_auc","orig_species","tree_match","order","family","log_adult_mass_g","log_brain_mass_g","log_adult_body_length_mm","log_adult_forearm_length_mm","max_longevity_d","maturity_d","female_maturity_d","male_maturity_d","age_first_reproduction_d","gestation_length_d","teat_number_n","log_litter_size_n","litters_per_year_n","interbirth_interval_d","log_neonate_mass_g","log_weaning_age_d","log_weaning_mass_g","generation_length_d","dispersal_km","density_n_km2","hibernation_torpor","fossoriality","home_range_km2","social_group_n","dphy_invertebrate","dphy_vertebrate","dphy_plant","det_inv","det_vend","det_vect","det_vfish","det_vunk","det_scav","det_fruit","det_nect","det_seed","det_plantother","det_diet_breadth_n","trophic_level","activity_cycle","freshwater","marine","terrestrial_non.volant","terrestrial_volant","upper_elevation_m","log_lower_elevation_m","altitude_breadth_m","island_dwelling","disected_by_mountains","glaciation","habitat_breadth_n","foraging_aerial","foraging_arboreal","foraging_ground","foraging_marine","foraging_scansorial","island_mainland","island_marine","island_landbridge","island_endemic","bio_palearctic","bio_afrotropical","bio_antarctic","bio_australasian","bio_indomalayan","bio_nearctic","bio_neotropical","bio_oceanian","iucn_forest","iucn_savanna","iucn_shrubland","iucn_grassland","iucn_wetlands","iucn_rocky","iucn_caves","iucn_desert","iucn_marineneritic","iucn_marineoceanic","iucn_marinedeep","iucn_marineintertidal","iucn_marinecoastal","iucn_artificialterr","iucn_artificialaquatic","iucn_introducedveg","min_aridity_index","mean_aridity_index","perc80_aridity_index","relative_wing_loading","aspect_ratio","log_median_aggregation_size","migration","log_mixed_species_association_n","cave_roost","cavity_roost","foliage_roost","generalist_roost","iucn_moistforest","iucn_moistsavanna","pco_1","pco_2","pco_3","pco_4","pco_5","pco_6","pco_7","pco_8","pco_9","pco_10","pco_11","pco_12","pco_13","pco_14","pco_15","pco_16","pco_17","log_relative_age_first_birth","log_female_relative_maturity","postnatal_growth_rate","mass_specific_production_rate"
"Pteronotus quadridens",178.773823500348,142.929619295214,163.486605720525,269.160042327817,78.1135456311762,219.484230636864,241.178274934637,215.275878829497,176.546985297172,176.167695551315,"Pteronotus quadridens","Pteronotus quadridens","Chiroptera","Mormoopidae",1.66203036255327,-1.29098418131557,4.13268347644855,3.62434093297637,5087.123,NA,374.509,NA,481.13,156.43,NA,0.19062035960865,1,355.767,0.76080582903376,4.22989474904298,NA,1893.147,NA,NA,"0","2",NA,NA,100,0,0,100,0,0,0,0,0,0,0,0,0,1,"3","1","0","0","0","1",NA,NA,NA,"1","1","0",1,"1","0","0","0","0","0","0","0","1","0","0","0","0","0","0","1","0","0","0","0","0","0","0","1","0","0","0","0","0","0","0","0","0",0.692378548551567,1.18949475682977,1.24972209325148,32.692984,6.919999993,11.1704351567277,NA,2.20827441363637,"0","0","0","1","0","0",-5.11958956176141,-34.7969661673037,-25.2475843343998,-11.6960865916579,-16.787312763716,-26.8723606813824,10.8166691592766,-19.2793390345358,-12.1302261040064,-4.43236066707563,4.17322871234372,-0.777484625556248,19.2898787409449,17.7406009746794,1.27079182787478,-2.48634035962921,12.5556902249448,-2.35833021995137,-2.60885188909974,NA,0.49134724857685
"Scotoecus albofuscus",233.006259167443,152.6679734291,173.471234406415,281.129052333797,285.132671954557,316.661645293885,171.30699653129,322.9873232886,244.844432114106,245.010937928649,"Scotoecus albofuscus","Scotoecus albofuscus","Chiroptera","Vespertilionidae",1.50407739677627,-1.95192822138088,4.05208055628073,3.38405122282718,2889.66,NA,298.876,NA,385.475,81.125,NA,0.560187053303715,1.107,354.351,NA,3.89110575717276,NA,1625.999,NA,NA,"1","2",NA,NA,100,0,0,100,0,0,0,0,0,0,0,0,0,1,"3","1","0","0","0","1",NA,NA,NA,NA,NA,NA,2,"1","0","0","0","0","1","0","0","0","0","1","0","0","0","0","0","0","1","1","0","0","0","0","0","0","0","0","0","0","0","0","0","0",0.0615272398086971,0.364497130597617,0.366414852391473,0.00559992985910947,5.30011904761905,NA,NA,NA,NA,NA,NA,NA,"0","0",35.2334899193806,25.719224898225,1.7167673480048,-3.37028934487327,-11.6806178739603,12.4252979855368,13.2950598180611,-14.0956191960165,14.8443102315221,9.9022657964887,-3.4140090392062,7.3624256817902,1.75313453402975,0.180051735899596,14.6738052724919,3.04287952544516,0.231870453010394,-2.01441778706928,-2.26886535547342,NA,NA
"Rhinophylla pumilio",158.262711284158,128.85712674352,210.004340043016,245.459869401492,116.306262669143,313.171470613683,135.928582567647,218.121688194197,169.777738366278,169.904589197503,"Rhinophylla pumilio","Rhinophylla pumilio","Chiroptera","Phyllostomidae",2.2554934854602,-1.03282454813011,4.14156206183121,3.51154543883102,5265.811,NA,481.85,NA,594.784,117.77,NA,-0.0100503358535015,1,334.091,NA,4.16270389973544,NA,2105.671,NA,NA,"0","2",NA,NA,10,0,90,10,0,0,0,0,0,90,0,0,0,1,"2","1","0","0","0","1",1400,NA,NA,"0","1","0",1,"0","1","0","0","0","1","0","0","0","0","0","0","0","0","0","1","0","1","0","0","0","0","0","0","0","0","0","0","0","0","0","0","0",0.873374042146124,1.78396421540535,2.36088470626516,38.8553,6.208499993,NA,NA,NA,"0","0","0","1","1","0",20.3622054187309,-50.2736823975967,-16.1600394567524,12.8301923453458,-19.2671914002814,3.55603078540289,-8.85083356035562,5.69927953648203,6.52837372249907,3.69404157061766,-3.86576395463565,2.18233015132112,-3.1961446612464,-3.39820608621739,-2.30048957800863,2.83904131436417,-7.04557069260718,-2.18079213436716,-2.39135758649581,NA,NA
"Gardnerycteris crenulata",150.663807349573,123.080197547878,221.062433842347,251.07088278236,123.053962340493,369.274292407948,161.852171055634,193.037593937374,186.820053295095,186.815611302925,"Mimon crenulatum","Mimon crenulatum",NA,NA,NA,NA,NA,NA,NA,NA,NA,NA,NA,NA,NA,NA,NA,NA,NA,NA,NA,NA,NA,NA,NA,NA,NA,NA,NA,NA,NA,NA,NA,NA,NA,NA,NA,NA,NA,NA,NA,NA,NA,NA,NA,NA,NA,NA,NA,NA,NA,NA,NA,NA,NA,NA,NA,NA,NA,NA,NA,NA,NA,NA,NA,NA,NA,NA,NA,NA,NA,NA,NA,NA,NA,NA,NA,NA,NA,NA,NA,NA,NA,NA,NA,NA,NA,NA,0.580831257936085,1.83444669542708,2.23091900311526,NA,NA,NA,NA,NA,NA,NA,NA,NA,"1","0",19.6158439173027,-49.4634086090974,-18.0711983273504,11.9125269641708,-21.9315856730546,-5.10655473566322,-9.47350899873957,-4.86787572042967,8.28480954478602,-5.01988132044451,-1.83075705352183,-5.63371953194711,-7.93822655873543,-5.38907207694872,1.33444867806982,-3.46590387640496,-5.47210083123282,NA,NA,NA,NA
"Artibeus jamaicensis",161.398333823804,175.621521508023,156.444904678306,262.857338372831,109.295672992993,289.279826876004,150.734519984976,179.484369561824,169.777738366278,169.904589197503,"Artibeus jamaicensis","Artibeus jamaicensis","Chiroptera","Phyllostomidae",3.8308129500026,-0.0725706928348354,4.53259949315326,4.09999523373092,7014.083,333.22,288.37,365.28,440.57,106.54,NA,0,2,219.849,2.18605127673809,2.70805020110221,3.5201649007262,1920.478,NA,NA,"0","2",NA,NA,10,0,90,10,0,0,0,0,0,80,10,0,0,1,"2","1","0","0","0","1",NA,NA,NA,"0","1","0",4,"0","1","0","0","0","1","0","0","0","0","0","0","0","0","0","1","0","1","0","0","1","0","1","1","0","0","0","0","0","0","1","0","0",0.171016302621959,1.18467679236897,1.5191998840174,45.9983375,6.4,0,"0",NA,"0","0","0","1","1","0",21.0150706353913,-50.191360206389,-13.3571326485941,12.7144585014123,-14.5204253490725,10.3656695402525,-6.65155318470426,14.4093989599251,2.03932948703979,10.7820439992742,-3.62069191192221,8.28188207181812,4.26621599468148,2.91251841245606,-5.21937594354726,7.81935047789689,0.235050270514579,-2.76760592102552,-3.1914308862973,3.79662921348315,0.386117136659436
"Diaemus youngi",155.205994781542,136.827406973813,145.875598568897,272.961236154983,114.349003157158,291.892889557747,184.333495024224,208.103936839257,170.163431732836,170.291175914133,"Diaemus youngi","Diaemus youngi","Chiroptera","Phyllostomidae",3.60004824040732,-0.0304592074847086,4.74493212836325,3.92750257627653,7300,NA,585.355,NA,740.942,258.74,NA,0,1.101,357.649,NA,5.3578025158828,NA,2495.806,NA,NA,"0","2",NA,NA,0,100,0,0,100,0,0,0,0,0,0,0,0,1,"3","1","0","0","0","1",NA,NA,NA,"0","1","0",3,"0","0","1","0","0","1","0","0","0","0","0","0","0","0","0","1","0","1","0","0","1","0","0","1","0","0","0","0","0","0","1","0","0",0.562101910828026,1.20378750583675,1.56946184384841,52.04264724,8.500000006,3.40119738232882,"0",2.20827441363637,"0","0","0","1","1","0",16.7159719204933,-44.4418394233229,-20.0823374902044,6.37283336094817,-22.4496345749501,-18.4651729594109,-3.47538758180667,-17.6103162852197,1.74535708629541,-9.657658332642,3.07293456449323,-5.81448351487999,1.64475433755981,3.16002149100241,2.37492607303874,-0.231707230460193,7.03653913579763,-2.28770727750844,-2.52341112634927,NA,NA
"Glossophaga leachii",160.058638464702,127.25762142777,144.328628736742,210.343381301085,158.13322643183,387.549870695122,206.076881850979,176.322713345961,192.347450363582,192.341917321492,"Glossophaga leachii","Glossophaga leachii","Chiroptera","Phyllostomidae",2.37024374146786,-0.740238788093796,4.07753744390572,3.57543076160636,4015,NA,268.763,NA,383.259,107.255,NA,0,2,228.318,-0.967584026261706,3.84267292729335,NA,1637.825,NA,NA,"0","2",NA,NA,40,0,60,40,0,0,0,0,0,30,30,0,0,3,"2","1","0","0","0","1",2400,NA,NA,"0","1","0",2,"0","1","0","0","0","1","0","0","0","0","0","0","0","0","0","1","0","1","0","0","1","0","0","1","0","0","0","0","0","0","1","0","0",0.329681142210263,1.48309653166875,2.05083925929798,NA,NA,NA,NA,1.41098697344769,"1","0","0","0","0","0",19.1345025923771,-48.5122074717166,-18.8087587518126,11.1739675164589,-22.8262947799159,-8.9505738970033,-9.3175252154257,-8.76495007436829,8.33275417576491,-7.28530215182897,-1.00837516108841,-7.17513465785326,-7.52916388809126,-4.62488284574121,1.379335798937,-3.18705685445213,-3.58483881819859,-2.34908162553872,-2.70396267601586,NA,0.0710280373831776
"Stenoderma rufum",136.160744496611,129.289409844646,119.817510926471,251.392678145238,75.8743305825787,252.349296535557,59.6434657442537,149.524724936682,169.777738366278,169.904589197503,"Stenoderma rufum","Stenoderma rufum","Chiroptera","Phyllostomidae",3.04927304048202,-0.443166975292176,4.1250354095429,3.89934295227077,5842.66,NA,416.664,NA,538.064,116.847,NA,-0.00501254182354429,1.762,247.171,1.94591014905531,3.98709337147512,NA,2126.518,NA,NA,"0","2",NA,NA,0,0,100,0,0,0,0,0,0,100,0,0,0,1,"1","1","0","0","0","1",NA,NA,NA,"1","0","0",1,"0","1","0","0","0","0","0","0","1","0","0","0","0","0","0","1","0","1","0","0","0","0","0","0","0","0","0","0","0","0","0","0","0",0.782184859949738,1.70002207491084,1.99156175012721,64.66010919,5.900000005,NA,NA,NA,"0","0","1","0","0","0",21.4974690303261,-50.1883057104139,-11.26400721263,12.1104924977898,-10.9630161286548,12.321755434016,-4.66157263702294,15.9617154811885,-0.8915465633767,11.0552413451131,-2.18384285139921,8.08328258282901,6.38620048527309,5.0553409456479,-4.3858851280091,5.97601146806673,4.5054261677837,-2.38496393938053,-2.64066130996729,NA,0.58162701421801
"Phylloderma stenops",103.178139321915,61.6512562848252,136.198813460907,253.575917526047,96.0559043380511,404.67278308839,18.8364257430489,167.838263876717,164.648887694085,164.862335793792,"Phylloderma stenops","Phylloderma stenops","Chiroptera","Phyllostomidae",4.02213222810818,0.291175961706037,4.74493212836325,4.275276264727,5210.252,NA,383.678,NA,504.284,122.526,NA,-0.0202027073175195,1.689,242.29,NA,4.39011880457122,NA,2026.325,NA,NA,"0","2",NA,NA,10,0,90,10,0,0,0,0,0,20,10,60,0,2,"2","1","0","0","0","1",2600,NA,NA,"0","1","0",3,"0","1","0","0","0","1","0","0","0","0","0","0","0","0","0","1","0","1","1","0","0","1","0","0","0","0","0","0","0","0","0","0","0",0.51540764263211,1.85223096515418,2.5453154875717,30.4258,6.228000001,NA,NA,NA,NA,NA,NA,NA,"1","1",19.6594216598158,-49.5426300722671,-17.9960410162186,11.9820453116096,-21.8318460270698,-4.72586296631251,-9.47364657867397,-4.47392795500784,8.26265854409682,-4.77219779338376,-1.90584893092912,-5.44465649814037,-7.93232739653516,-5.48730919563081,1.31336415223163,-3.42403575919773,-5.69494084133672,-2.33524390066694,-2.60857984295143,NA,NA
"Glossophaga soricina",157.074742465295,122.744212043308,189.76071289951,258.078388874951,182.127086765159,326.63184738682,122.166917102313,179.897984444945,170.176509536523,170.30425371782,"Glossophaga soricina","Glossophaga soricina","Chiroptera","Phyllostomidae",2.32727770558442,-0.941608539858445,3.98889144968472,3.57515068878559,4015,NA,274.371,NA,390.925,107.255,NA,0,2,243.993,NA,3.84267292729335,NA,1670.54,NA,NA,"0","2",NA,NA,40,0,60,40,0,0,0,0,0,30,30,0,0,3,"1","1","0","0","0","1",NA,NA,NA,"0","1","0",4,"0","1","0","0","0","1","0","0","0","0","0","0","0","0","0","1","0","1","1","0","1","0","0","1","0","0","0","0","0","0","1","0","0",0.00334787451704238,1.33012960499324,1.98727243509741,47.79920543,6.4,6.90775527898214,"0",3.40452517142522,"0","0","0","1","1","0",19.060903145754,-48.3158914832271,-18.8895876903497,11.0070630063634,-22.9821137360541,-9.64457958466247,-9.24716322007819,-9.45297563008402,8.29542146691132,-7.61961232837562,-0.857673080508845,-7.31247727021394,-7.29350494946473,-4.45891017248884,1.30462797062989,-2.84860864342144,-3.22432496021391,-2.32927690065129,-2.68331142124539,NA,NA
"Sturnira luisi",149.988058494042,163.640879061989,154.537238723156,246.849556366237,135.286234884433,377.065081021562,178.045985904088,146.882098972091,186.375588057565,186.422878182671,"Sturnira luisi","Sturnira luisi","Chiroptera","Phyllostomidae",2.48407296903942,-0.541284831250699,4.30406509320417,3.76120011569356,5508.243,NA,458.975,NA,575.809,119.232,NA,-0.0100503358535015,1.588,249.475,NA,4.29376902691572,NA,2141.067,NA,NA,"0","2",NA,NA,0,0,100,0,0,0,0,0,0,100,0,0,0,1,"1","1","0","0","0","1",1930,3.69137633431252,1890,"0","1","0",1,"0","1","0","0","0","1","0","0","0","0","0","0","0","0","0","1","0","1","0","0","0","0","0","0","0","0","0","0","0","0","0","0","0",0.278874979201121,1.35593666321488,2.31473560664362,NA,NA,NA,NA,NA,NA,NA,NA,NA,"1","0",20.7200109587031,-50.3569504830903,-14.4997373380971,12.8476695117255,-16.2287030808494,8.5089398014064,-7.47598175777034,12.4088195552142,3.44313091418108,9.27384050363275,-4.0996402885423,7.35655953750115,2.20718768854152,1.31160694319762,-4.89750051842834,7.3287112350308,-2.00942601174585,-2.2582249680393,-2.48500523417618,NA,NA
"Mormoops megalophylla",140.241874453045,154.648898914249,144.308189632676,268.872937264589,190.698443127013,374.12253705224,102.74222290817,170.904415881457,201.90188523091,201.9310565038,"Mormoops megalophylla","Mormoops megalophylla","Chiroptera","Mormoopidae",2.77539727456182,-0.867500567704723,4.26787761298298,4.00715135051972,2728.027,NA,343.295,NA,404.86,103.244,NA,0,1,352.592,-0.0943106794712413,4.09539401135767,NA,1423.5,NA,NA,"0","2",NA,NA,100,0,0,100,0,0,0,0,0,0,0,0,0,1,"3","1","0","0","0","1",3000,NA,NA,"0","1","0",2,"1","0","0","0","0","1","0","0","0","0","0","0","0","0","1","1","0","1","0","0","0","0","0","1","0","0","0","0","0","0","0","0","0",0.0726226256774352,0.733160025108994,0.952071868960445,43.5580453,7.100000005,13.1223633766043,"1",1.96009478398888,"1","0","0","0","1","0",10.056630327556,-40.7370106218241,-22.0758306005219,-0.975767648805426,-19.7147359088735,-22.2576939228545,2.20714305842805,-19.3919377750501,-4.10995906866284,-8.0940362148294,3.04610698091755,-4.76135821766072,9.87960167672451,11.9399251532755,2.61280974849802,-1.73901912226897,12.1976118991622,-1.90779258794165,-2.07274378043832,NA,0.0567154876908694
"Sturnira lilium",189.431296939414,168.690087969947,197.270732297769,271.291093697431,135.396168366894,376.053964828036,161.105802691045,191.808113266881,186.375588057565,186.422878182671,"Sturnira lilium","Sturnira lilium","Chiroptera","Phyllostomidae",2.99573227355399,-0.653926467406664,4.1890484976914,3.70130197411249,7300,289.18,289.18,289.18,404.045,114.865,NA,0,2,233.937,1.65345479785087,4.47163879336357,NA,1905.642,NA,NA,"0","2",NA,NA,0,0,100,0,0,0,0,0,0,100,0,0,0,1,"1","1","0","0","0","1",1600,NA,NA,"0","1","0",1,"0","1","0","0","0","1","0","0","0","0","0","0","0","0","0","1","0","1","0","0","0","0","0","0","0","0","0","0","0","0","0","0","0",0.149646177948964,1.31335419787587,1.67077457999344,49.46857623,6.500000005,NA,"0",NA,"0","0","0","1","1","0",20.7587842549787,-50.3367147566073,-14.2481614947526,12.7889720780371,-15.7486307583147,9.029567863562,-7.20806666007863,13.0832739365671,2.97129067625928,9.77264517969716,-4.02025245120653,7.82415940391901,2.73466354932921,1.78675348268396,-5.06265304706415,7.6139173946255,-1.30873111594219,-2.89410336923969,-3.2285802955365,NA,0.5225
"Artibeus concolor",36.648533052179,120.625135332562,107.139158455279,183.94139261118,81.0555143917045,193.173830683019,68.4051049748242,188.927126917755,169.777738366278,169.904589197503,"Artibeus concolor","Artibeus concolor","Chiroptera","Phyllostomidae",2.97934879430347,-0.457284856837961,4.27225362046945,3.85735560408584,5840.654,NA,352.735,NA,481.318,114.131,NA,-0.0110609473594249,1.89,238.343,NA,3.82537519870247,NA,2064.512,NA,NA,"0","2",NA,NA,10,0,90,10,0,0,0,0,0,80,10,0,0,1,"1","1","0","0","0","1",1000,NA,NA,"0","0","0",1,"0","1","0","0","0","1","0","0","0","0","0","0","0","0","0","1","0","1","0","0","0","0","0","0","0","0","0","0","0","0","0","0","0",0.918242582353351,1.70002947756224,2.0199560387355,35.7805,6.46,NA,NA,NA,NA,NA,NA,NA,"1","0",20.9076370506527,-50.2387218533343,-13.8708560341605,12.856785352045,-15.311474687862,9.6768537013175,-7.07825318160856,13.5582375089603,2.82550942674648,10.2437932038,-3.86805251877672,7.87051330212831,3.45837761635014,2.19258507522684,-5.14552648566421,7.70806668177149,-0.83272041735254,-2.49606988153207,-2.80688098905816,NA,NA
"Phyllostomus elongatus",222.027266640537,194.81746472653,227.485078940816,296.040318904497,203.359532427839,394.748706339651,152.403403086945,240.655111093627,192.848610197565,192.847308762877,"Phyllostomus elongatus","Phyllostomus elongatus","Chiroptera","Phyllostomidae",3.57234563785798,-0.122167633974208,4.48292345284043,4.18965474202643,5214.054,NA,387.145,NA,501.504,121.66,NA,-0.0151136378100482,1.709,247.47,NA,4.45243849891425,NA,2043.283,NA,NA,"0","2",NA,NA,70,10,20,70,0,10,0,0,0,10,10,0,0,1,"2","1","0","0","0","1",NA,NA,NA,"0","1","0",2,"0","0","0","0","1","1","0","0","0","0","0","0","0","0","0","1","0","1","0","0","0","0","0","1","0","0","0","0","0","0","0","0","0",0.541748155381944,1.85756570524177,2.55025910024475,34.0339,6.607999995,NA,NA,NA,"0","0","0","1","1","0",19.7385479269482,-49.6518834270826,-17.8147011839452,12.0222841802872,-21.6357927102488,-3.96234374851467,-9.4426168900047,-3.55845805147317,8.21516954908027,-4.06517919008024,-2.13581621936519,-4.83341737071398,-7.96848461575046,-5.61184090001605,1.08971835028561,-2.91997678159973,-6.18368098766627,-2.34150136772973,-2.60031365131323,NA,NA
"Molossus rufus",312.644851207989,236.397425289536,351.559577328804,339.996141037629,388.870518372836,293.929780685161,346.904654282378,332.373256360184,309.310594453446,309.706622556174,"Molossus rufus","Molossus rufus","Chiroptera","Molossidae",3.2188758248682,-0.707246104939447,4.53796143629464,NA,3191.61,NA,322.946,NA,386.512,91.509,NA,0.0109399400383343,1.145,349.301,NA,3.96556377235618,NA,1498.731,NA,NA,"1","2",NA,NA,100,0,0,100,0,0,0,0,0,0,0,0,0,1,"3","1","0","0","0","1",NA,NA,NA,NA,NA,NA,2,"1","0","0","0","0","1","0","0","0","0","0","0","0","0","0","1","0","1","0","1","1","0","0","0","0","0","0","0","0","0","1","0","0",0.241667209296482,1.12885923849628,1.51769316401204,76.51745,11.1,5.57972982598622,NA,NA,"0","0","0","1","1","0",31.8013798611475,-14.4147056244123,28.9704715035746,-9.27322492347254,30.2419971591564,-14.1059087722206,-5.91369140621074,-7.8697151303334,9.60443873625799,2.25890033825942,-4.62001092794978,4.86327310132178,0.130098287826159,0.42285800123867,-8.05406586152181,-0.554061332688053,0.727721115104128,-2.11111785524297,-2.29079564407039,NA,NA
"Erophylla bombifrons",130.273441444269,145.991393443496,142.252078755146,268.904560394701,106.017379817222,397.775852634499,112.998555165545,184.793448360527,175.49222408137,175.576539061846,"Erophylla bombifrons","Erophylla bombifrons","Chiroptera","Phyllostomidae",2.77881927199042,-0.551647618286246,4.31947280939055,3.85248529271195,4540.443,NA,499.464,NA,634.855,136.98,NA,0,1,345.228,1.50407739677627,4.10890471355343,NA,2118.557,NA,NA,"0","2",NA,NA,40,0,60,40,0,0,0,0,0,30,30,0,0,3,"2","1","0","0","0","1",NA,NA,NA,"1","1","0",1,"0","1","0","0","0","0","0","0","1","0","0","0","0","0","0","1","0","0","0","0","0","0","0","1","0","0","0","0","0","0","0","0","0",0.531798648605955,1.08405943254088,1.36439101308103,37.74412858,6.230000005,NA,NA,NA,NA,NA,NA,NA,"0","0",18.8277331256132,-47.9900243316929,-19.3511307213666,10.579735580851,-23.4320958891289,-11.5691624605216,-8.71536112371345,-11.2420514523856,7.69289858035213,-8.25881390776122,-0.187952064072736,-7.23208379070939,-6.13249381344234,-4.18064637384668,1.15818111109254,-2.09166191951639,-2.45278617800809,-1.96738323700659,-2.20724433994835,NA,0.279503105590062
"Macrotus waterhousii",173.830164144961,143.440754876082,151.182594894439,285.967683512025,124.851165256979,269.90927563328,121.007530615048,179.79012796699,170.163431732836,170.291175914133,"Macrotus waterhousii","Macrotus waterhousii","Chiroptera","Phyllostomidae",2.78099082550393,2.1567497447705,4.13804241748782,3.94429656597844,3802.083,91.32,91.32,NA,334.84,243.52,NA,0,1.895,226.195,-0.527632742082372,3.41575753299349,NA,1529.276,NA,NA,"0","2",NA,NA,50,0,50,50,0,0,0,0,0,50,0,0,0,2,"2","1","0","0","0","1",1400,NA,NA,"0","1","0",2,"0","0","0","0","1","1","0","0","0","0","0","0","0","0","0","1","0","1","0","0","1","0","0","1","0","0","0","0","0","0","1","0","0",0.117401943346125,0.732316262249037,1.03559703653173,34.46791329,8.999999991,5.70378247532287,NA,1.62924053945758,"0","0","0","1","0","0",12.5300154976334,-41.8209760850702,-21.2926449044825,1.43861466649683,-20.5311291193068,-21.1151699321322,0.391397006958539,-19.0491124743976,-2.19906688371279,-8.77038876594663,3.14553487508394,-5.19632750957951,7.02574219180581,9.44213317649115,2.76224278156728,-1.21282588136108,11.0606867412201,-2.4296515476337,-3.72893453176396,NA,0.0692934614192749
"Pipistrellus coromandra",37.4292084559682,33.0572307394495,10.38733397135,42.9891624900347,11.1078595535296,34.4293479252612,12.7458484278314,50.0118163448033,66.3702162826193,66.3688459292944,"Pipistrellus coromandra","Pipistrellus coromandra","Chiroptera","Vespertilionidae",1.52388002407245,-2.25379492882461,4.01087236947031,3.41772668361337,1282.492,NA,215.601,NA,316.06,80.334,NA,0.336472236621213,1.536,322.176,NA,3.80857177703194,NA,1361.772,NA,NA,"1","2",NA,NA,100,0,0,100,0,0,0,0,0,0,0,0,0,1,"3","1","0","0","0","1",2769,4.60616968632117,2669,NA,NA,NA,3,"1","0","0","0","0","1","0","0","0","0","0","0","0","1","0","0","0","1","0","0","1","0","0","1","0","0","0","0","0","0","1","0","0",0.40464792810291,1.50399680671994,1.55863800400423,NA,NA,NA,"0",NA,NA,NA,NA,NA,"1","0",32.9951364191269,34.8642474050193,-25.2972140490956,11.3267671700268,7.12513615514369,1.34380870445321,2.61900654773805,-3.69980625044342,5.87195280935234,13.5045219897551,9.61249668123344,-7.82298160327856,1.040136325931,-0.0322720399076882,1.42192321900824,0.0119681919446461,0.864889454652569,-1.40062827022775,-1.7831308619657,NA,NA
"Scotophilus viridis",267.223813635972,172.20908142095,264.571299762552,362.051723668048,275.209886292835,325.219754081633,247.901144860494,251.578288112845,233.340394133763,233.351112947329,"Scotophilus viridis nigritellus","Scotophilus viridis","Chiroptera","Vespertilionidae",2.96604596318363,-0.522560879984412,4.57762425655814,NA,6099.418,NA,529.331,NA,662.808,185.3,NA,0.693147180559945,1,358.85,NA,4.17636991853287,NA,2241.684,NA,NA,"1","2",NA,NA,100,0,0,100,0,0,0,0,0,0,0,0,0,1,"3","1","0","0","0","1",NA,-2.30258509299405,NA,"0","0","0",1,"1","0","0","0","0","1","0","0","0","0","1","0","0","0","0","0","0","1","1","0","1","0","0","0","0","0","0","0","0","0","1","0","0",0.385486211901306,0.679985836288117,1.12282782957727,0.00521604161356855,5.9,NA,NA,NA,"0","1","0","0","0","1",36.4986186476575,24.6500927311488,8.96006538937566,-7.4997727303411,-15.8939657029349,13.1490861220615,13.7068044628448,-13.1109828651811,11.8434359059863,4.90804186239608,-5.30865167922105,8.03861884725108,1.19304121954219,0.12471794223153,7.17162302798306,1.06761558974805,-0.641194071788536,-2.21946328028793,-2.44433469070473,NA,NA
"Nycteris hispida",266.443618059376,178.161380572008,261.003671513191,360.719409833429,249.301616838235,376.794465309386,278.965264088071,299.027304526833,274.820815530383,274.880266227781,"Nycteris hispida","Nycteris hispida","Chiroptera","Nycteridae",2.07693841146172,-1.25878104082093,4.24829522204669,3.66330520299451,3978.116,NA,364.79,NA,416.679,91.24,NA,-0.00501254182354429,1.5,283.56,NA,4.11108695622169,NA,1609.226,NA,NA,"0","2",NA,NA,80,20,0,80,10,10,0,0,0,0,0,0,0,1,"3","1","0","0","0","1",NA,-2.30258509299405,NA,"0","1","0",2,"1","0","0","0","0","1","0","0","0","0","1","0","0","0","0","0","0","1","1","0","0","0","0","0","0","0","0","0","0","0","0","0","0",0.123971819037932,0.60896717960698,0.793889259205356,27,4.799999996,2.35137525716348,NA,-2.30258509299405,NA,NA,NA,NA,"1","1",23.5548142975507,-46.6737314895006,4.41502393212445,5.88956809572754,21.40905184883,12.8838596232946,10.0217221793501,3.45783661398185,-7.14542482508246,-1.33548429332827,2.82697803490014,-0.964958771389601,-1.23232090487528,-2.35031544607464,3.21313928679423,-14.0923965653228,-0.25949449998144,-2.2562474781807,-2.38924177382711,NA,NA
"Taphozous longimanus",202.787216026347,107.749492967431,185.984713788841,317.394832660626,190.970472412972,398.804004448355,205.908262715616,208.978785849098,194.793117652134,194.834475360925,"Taphozous longimanes","Taphozous longimanus","Chiroptera","Emballonuridae",3.22326617316949,-0.755022584278033,4.39824441269672,4.06885579945493,2894.502,169.16,169.16,NA,425.83,107.22,NA,-0.0100503358535015,2,248.124,1.708377860289,3.09693415406296,2.484906649788,1227.488,NA,NA,"0","2",NA,NA,100,0,0,100,0,0,0,0,0,0,0,0,0,1,"3","2","0","0","0","1",1200,-2.30258509299405,1200,"1","1","0",4,"1","0","0","0","0","1","0","0","0","0","0","0","0","1","0","0","0","1","1","0","1","0","1","1","0","0","0","0","0","0","1","0","0",1.00762607626076,1.00762607626076,1.00762607626076,58.47949759,9.800000007,2.39789527279837,NA,NA,"0","0","0","1","1","0",24.7101820451126,-43.4131441713404,7.76166953353868,3.97877418649871,26.152995054447,12.1304936672519,12.7831390414218,-0.0429795620889943,-8.14647236689543,-3.65983162677759,4.26616732192489,-3.67888571231897,-0.970137361244009,-1.51826244993316,6.27557548888353,-4.6204441931028,-1.66963563064233,-1.91652814889398,-2.83972334188016,2.17391304347826,0.435268817204301
"Rhinolophus shortridgei",183.14672534291,100.027915464965,144.928038970926,285.978246523929,194.504674012799,388.862526069242,153.180690808035,208.978785849098,194.793117652134,194.834475360925,"Rhinolophus shortridgei","Rhinolophus shortridgei","Chiroptera","Rhinolophidae",1.69744878975681,-1.51868354916564,4.0567292264274,NA,5340.336,NA,605.92,NA,710.308,101.312,NA,0,1.011,364.249,NA,4.02930813937426,NA,2220.355,NA,NA,"1","2",NA,NA,100,0,0,NA,NA,NA,NA,NA,NA,NA,NA,NA,NA,1,"3","1","0","0","0","1",NA,NA,NA,NA,NA,NA,1,"1","0","0","0","0","1","0","0","0","1","0","0","0","1","0","0","0","1","0","0","0","0","0","0","0","0","0","0","0","0","0","0","0",NA,NA,NA,NA,NA,NA,NA,NA,NA,NA,NA,NA,"0","0",-70.0939072252276,9.20145709904628,19.7963590567352,33.8597520255616,-4.52110102679668,-8.72917918560082,9.79896612969018,2.16876702863833,-4.0158996500677,6.0849599212664,-12.1438001892884,-7.27633327031597,-0.187542480219624,-5.28986433661073,0.240326174212526,0.645589105998832,8.55437065188177,-2.01734517253607,-2.17629588716961,NA,NA
"Rhinolophus sinicus",117.797454718338,68.6305759530285,101.004567869706,211.410401626904,130.959301226286,269.003283978883,81.2821580142265,163.521203304578,139.671300332631,140.004482219096,"Rhinolophus sinicus","Rhinolophus sinicus","Chiroptera","Rhinolophidae",2.32776539152434,-1.26940060964839,4.16683575189664,NA,1825,451.11,451.11,NA,574.65,123.54,NA,-0.0100503358535015,1,349.809,1.05082162483176,4.08463087003446,2.39789527279837,1314.039,NA,NA,"1","2",NA,NA,100,0,0,NA,NA,NA,NA,NA,NA,NA,NA,NA,NA,1,"3","1","0","0","0","1",2769,6.21480807842486,2269,NA,NA,NA,2,"1","0","0","0","0","1","0","0","0","0","0","0","0","1","0","0","0","1","0","0","0","0","0","1","0","0","0","0","0","0","0","0","0",0.872143312361844,1.51195649186858,1.87718008487531,36.96807127,5.319999996,NA,NA,0.741937344538982,"1","0","0","0","1","0",-70.0493658455028,9.19340051453348,19.7966597982344,33.8799142147175,-4.5300146283746,-8.81937070570842,9.93585557220737,2.33377565810955,-3.81810588402053,5.934041869252,-11.9653866329392,-7.20505092241833,-0.112529668866579,-5.29476565057865,0.249790255564976,0.646253117767734,8.82097285031753,-1.15557410620182,-1.39762405381425,3.84615384615385,0.276099463676255
"Nyctinomops macrotis",379.498146472298,278.679698095785,377.145111170723,359.052439263356,334.215819654894,273.862149317413,263.586843744966,332.684798981638,309.678216640861,310.106267655085,"Nyctinomops macrotis","Nyctinomops macrotis","Chiroptera","Molossidae",3.13549421592915,-0.697155201957484,4.45563716169371,4.11070991630837,2767.379,106.54,106.54,106.54,182.64,76.1,NA,-0.00501254182354429,1,324.898,1.59736533119983,4.33204826486764,NA,1199.943,NA,NA,"1","2",NA,NA,100,0,0,100,0,0,0,0,0,0,0,0,0,1,"3","1","0","0","0","1",2600,-2.30258509299405,2600,"0","1","0",1,"1","0","0","0","0","1","0","0","0","0","0","0","0","0","1","1","0","1","0","0","1","0","0","0","0","0","0","0","0","0","1","0","0",0.0770039192071062,0.448925054353177,0.7141008663261,45.1,9.160000007,4.32413265704968,"1",NA,"0","0","0","1","1","0",31.6344759520159,-15.6007483393743,28.2076992746706,-8.50780079813446,31.6708643286207,-12.6375903187699,-4.51008170304877,-8.19374226628808,8.99260208553877,1.05517239360923,-4.46577829166701,3.92819009061997,0.0840828705110623,0.896431638408382,-7.69382538738352,3.96705700103282,0.627505372454764,-2.71813893963488,-3.25713544036756,NA,0.213708695652174
"Myotis brandtii",253.636633945677,105.869096231925,194.985018583163,307.326074395409,233.49099494305,340.170050221325,177.100614397359,231.764128429246,208.04852993903,208.049224398195,"Myotis brandtii","Myotis brandtii","Chiroptera","Vespertilionidae",1.94591014905531,2.14978350273608,4.97802945434734,3.5550623063796,14965,NA,652.842,NA,769.256,158.707,NA,0.112435429329788,1.005,374.189,NA,4.79955205727441,NA,3320.725,NA,NA,"1","2",NA,NA,100,0,0,100,0,0,0,0,0,0,0,0,0,1,"3","1","0","0","0","1",NA,NA,NA,"0","1","1",NA,"1","0","0","0","0","1","0","0","0","0","0","0","0","0","0","0","0","1","0","1","1","1","0","1","0","0","0","0","0","0","1","1","0",0.420264429923192,1.46081241849548,1.72875323272142,NA,NA,NA,"1",NA,"0","0","0","1","0","0",37.910847694041,19.1088432333215,21.5291615246868,-13.8794516555205,-19.1140702230671,8.36708002516289,5.66538441769886,1.56853883923531,-6.02623538112075,-7.23741131633593,0.117630262109671,-2.83533959291864,-1.1049173258764,0.327099684990749,-8.01794559083993,-1.17547128429427,1.04385961101882,-2.96804560631006,-3.13213428047122,NA,NA
"Natalus stramineus",311.293353360908,266.772672073339,252.412350772868,325.216440299977,300.186077407559,342.861639137821,250.133166146788,297.790698391156,274.75002055903,274.844061476093,"Natalus stramineus","Natalus stramineus","Chiroptera","Natalidae",1.54756250871601,2.39379597304743,3.8286413964891,3.65996544394929,7300,NA,503.722,NA,651.092,244.85,NA,0,1,354.944,0.60431596685333,3.92256721930382,1.42069578783722,2193.498,NA,NA,"0","2",NA,NA,100,0,0,100,0,0,0,0,0,0,0,0,0,1,"3","1","0","0","0","1",473,-2.30258509299405,473,"0","0","0",2,"1","0","0","0","0","0","0","0","1","0","0","0","0","0","0","1","0","1","0","0","0","0","0","1","0","0","0","0","0","0","0","0","0",0.169179139596363,1.02919514232485,1.39610882524743,23.49864821,5.569999998,5.70378247532287,"1",NA,"1","0","0","0","1","0",26.9857212748117,-33.7277898428067,14.2083640184707,1.25683514577149,31.3998776419915,7.09492658804063,9.94372557748329,-6.41530595324572,-2.84286969336039,-7.99112016639321,2.17327908193646,-8.27250450062963,-1.146246761233,1.06570210082158,4.41620038787584,12.1764022480086,-0.472886610806264,-2.41697867386824,-2.67360509854694,2.26229508196721,0.38936170212766
"Myotis bocagii",204.912596287009,90.5267602893445,137.327927976718,245.980047011812,186.645376126147,249.070719153208,139.547419166625,231.764128429246,208.04852993903,208.049224398195,"Myotis bocagii","Myotis bocagii","Chiroptera","Vespertilionidae",2.07065303564676,-1.56064774826467,4.07638423684511,3.63758615972639,7141.368,NA,477.565,NA,575.62,76.635,NA,-0.0100503358535015,1.004,364.533,NA,4.03680372232545,NA,2185.195,NA,NA,"1","2",NA,NA,100,0,0,100,0,0,0,0,0,0,0,0,0,1,"3","1","0","0","0","1",NA,-2.30258509299405,NA,"0","1","0",2,"1","0","0","0","0","1","0","0","0","0","1","0","0","0","0","0","0","1","1","0","0","0","0","0","0","0","0","0","0","0","0","0","0",0.372627372627373,1.01313282037394,1.2103395351761,32,8.500000006,NA,NA,NA,NA,NA,NA,NA,"1","1",38.019059653007,19.9527556002712,20.4876078160006,-13.3307865081565,-19.437090517963,9.89340296650625,7.48739311184739,-0.858923063083684,-3.71015521013573,-6.63551004428629,-1.18256836667703,-1.09468041176321,-0.906876745137301,0.0809988348955925,-8.61777437062801,-3.01401727720487,0.913782850175948,-2.51821191285879,-2.70495935730901,NA,NA
"Hipposideros jonesi",233.177219921898,188.064047134784,172.188831029201,313.659120938721,223.243600182788,377.842092088924,304.436660214272,255.239364893323,239.52473216891,239.553184642011,"Hipposideros jonesi","Hipposideros jonesi","Chiroptera","Hipposideridae",1.70292825552144,-1.4784096500277,4.02017761397035,3.90197266957464,5771.166,NA,602.91,NA,712.313,99.97,NA,0.0168571170664228,1.008,364.478,NA,4.1247120988385,NA,2281.28,NA,NA,"1","2",NA,NA,100,0,0,100,0,0,0,0,0,0,0,0,0,1,"3","1","0","0","0","1",1400,-2.30258509299405,1400,"0","0","0",5,"1","0","0","0","0","1","0","0","0","0","1","0","0","0","0","0","0","1","1","0","1","0","1","1","0","0","0","0","0","0","0","0","0",0.616086624083105,0.78539439190292,0.878527097996707,NA,NA,NA,NA,NA,NA,NA,NA,NA,"1","1",-73.8102647761743,9.16886332901052,13.6812454872544,19.0355712260963,-0.760161759796942,9.4782399397577,-13.8927407134604,-10.6573820778092,-4.70806156296744,-1.94362924728879,12.1717490381999,9.03737503603883,-4.74319812784317,7.55832117704324,-0.223742720543341,-0.231963600702184,-0.592096401912666,-2.09211199725468,-2.2588614869531,NA,NA
"Rhinolophus hipposideros",103.597296048045,53.7454010988781,70.5675215506842,189.178276338585,54.5315597945955,240.011034641694,40.0088742866622,201.398243917362,139.671300332631,140.004482219096,"Rhinolophus hipposideros","Rhinolophus hipposideros","Chiroptera","Rhinolophidae",1.52279010570843,-1.38629436111989,3.68875444630079,3.62407423074782,7738,447.26,473.63,471,501.87,71.255,NA,0,1,364.75,0.741937344729377,3.52929738428947,NA,2589.763,NA,NA,"1","2",NA,NA,100,0,0,100,0,0,0,0,0,0,0,0,0,1,"3","1","0","0","0","1",2000,-2.30258509299405,2000,"0","1","0",5,"1","0","0","0","0","1","0","0","0","1","1","0","0","0","0","0","0","1","0","1","1","0","0","1","0","0","0","0","0","0","1","0","0",0.0109385839960809,1.50067371041134,2.07297620917696,37.47618532,5.700000004,3.23867845098791,"0",NA,"0","0","0","1","0","0",-66.4433682496325,9.20484102906706,18.9993625461779,32.9158827979135,-4.73519577454341,-19.2987113624973,27.2340346359118,26.8854226748867,26.0157998673292,-14.5798519276661,13.0806075872778,3.61379135521882,2.568361565318,2.01298499423204,0.403976444372843,-0.627992355846007,1.47843011955465,-2.73555741324916,-2.79347210910225,NA,0.458015267175573
"Pteropus alecto",221.913195472734,81.4070766371485,144.959871332181,277.947430061342,87.2847311513496,222.054547701363,17.2874922094983,201.162455239375,152.249650278036,152.554549859909,"Pteropus alecto","Pteropus alecto","Chiroptera","Pteropodidae",6.46320884800541,1.95160817016995,5.53969368612331,5.11192754557813,7190.5,NA,586.111,NA,751.93,162.162,NA,0.0953101798043249,1,362.748,NA,4.49054466014679,NA,2592.524,NA,NA,"0","2",NA,NA,0,0,100,0,0,0,0,0,0,100,0,0,0,1,"1","1","0","0","0","1",1000,-2.30258509299405,1000,"0","1","0",2,"0","1","0","0","0","1","0","0","0","0","0","0","1","1","0","0","0","1","0","0","1","0","0","0","0","0","0","0","0","0","1","0","0",0.0261982721026277,0.866545419808547,1.07576872013401,NA,NA,NA,"1",NA,"0","0","1","0","1","0",-63.9411413976975,-1.89494536107101,-19.6818827990098,-39.9395716996835,3.70770371206058,0.00698744000522821,2.79356332169398,4.92728191665082,2.41871182610549,3.20531246246896,-2.92896877381168,-1.82651630025288,-16.8340561920241,5.81540048498331,0.433078374890667,0.276873676200249,4.76338175654746,-2.25787275481566,-2.50700679789186,NA,NA
"Molossops temminckii",343.53713786374,238.825142578407,351.993578996363,292.103315035951,381.835752903059,338.557417884171,321.34249065436,302.467858894582,311.158754084939,311.603038256239,"Molossops temminckii","Molossops temminckii","Chiroptera","Molossidae",1.76814960358892,-1.70925824771631,3.76120011569356,3.34955314850982,5453.379,NA,479.645,NA,573.289,76.1,NA,-0.0100503358535015,1,362.939,0,3.65065824129374,NA,2115.265,NA,NA,"1","2",NA,NA,100,0,0,100,0,0,0,0,0,0,0,0,0,1,"3","1","0","0","0","1",NA,NA,NA,"0","0","0",1,"1","0","0","0","0","1","0","0","0","0","0","0","0","0","0","1","0","1","0","0","1","0","0","0","0","0","0","0","0","0","1","0","0",0.295828454545037,0.80544339311054,1.30880588210822,0.00519568375461101,7.70666666666667,NA,NA,NA,"0","1","0","0","1","0",31.8600137266195,-13.9333696219335,29.2972492124343,-9.61267795018959,29.5410470846901,-14.8025355538184,-6.60253421720278,-7.6461193370404,9.83474561556065,2.83455593778751,-4.71147420490147,5.3881736680486,0.199246748483327,0.208258005484704,-8.10359411629714,-2.90619547827083,0.80592209015676,-2.25260074296848,-2.43094444859477,NA,0.168941979522184
"Myotis lucifugus",246.50680991601,83.9181664616174,148.529794790325,270.35598488902,202.501244802092,375.694702472621,167.281639496934,213.129518277631,207.835818359218,207.842498240632,"Myotis lucifugus","Myotis lucifugus","Chiroptera","Vespertilionidae",1.96711235670592,-1.82635091399767,3.96461545554732,3.6312503412773,12410,280.6,245.3,210,730,57.395,NA,0,1,364.75,0.727548607277278,3.23867845216438,1.9154509415706,4117.2,NA,NA,"1","2",NA,NA,100,0,0,100,0,0,0,0,0,0,0,0,0,1,"3","1","0","0","0","1",NA,NA,NA,"0","1","1",3,"1","0","0","0","0","1","0","0","0","0","0","0","0","0","1","0","0","1","0","0","1","0","0","1","0","0","0","0","0","0","1","0","0",0.065764530094319,1.00709181629398,1.50830524072926,39.02190619,5.999999995,6.40687998573928,"1",NA,"0","0","0","1","0","0",37.8832708802572,19.0373444979419,21.6010026345336,-13.9100325202311,-19.0796442270365,8.18141503041572,5.45036418579799,1.80400230470311,-6.23539214983761,-7.27594581761936,0.262759233687544,-3.02082480573183,-1.11086192592973,0.332675677729121,-7.8242674115459,-0.955007135155233,1.01774648064534,-2.83321334405622,-3.92377592693421,3.28019323671498,0.289510489510489
"Rousettus leschenaultii",249.902900278234,192.882797600818,197.052830659821,303.248813121413,309.953490736376,399.872315048177,219.981333694881,282.442090951393,273.027096809328,273.104641043166,"Rousettus leschenaultii","Rousettus leschenaultii","Chiroptera","Pteropodidae",4.57021635672456,0.522358859579664,4.88070882449318,4.40976338964548,5110,322.24,236.12,455,278.81,118.33,NA,0.00498754151103897,2,234.776,2.484906649788,3.957760897102,3.61091791264422,1679.855,NA,NA,"0","2",NA,NA,0,0,100,0,0,0,0,0,0,60,40,0,0,2,"1","1","0","0","0","1",1140,-2.30258509299405,1140,"0","1","0",2,"0","1","0","0","0","1","0","0","0","0","0","0","0","1","0","0","0","1","0","0","1","0","0","1","0","0","0","0","0","0","1","0","0",0.0508860914065882,1.33906290580951,1.92159772905873,53.0847255,5.999999995,6.90875477831622,"1",NA,"0","0","0","1","1","0",-42.3142300794174,-15.1993053296883,-26.2328190814565,-34.1693615254926,-4.95118835778441,-24.1095033381405,23.1341219597618,-6.82188464731341,-19.1183185845302,6.75309690500033,5.55808604550887,11.8080596692002,14.8641262138116,-4.79241459956032,-2.99009549269525,1.57903331744265,-9.04949571239643,-2.90842413694888,-3.07461453282526,3.08333333333333,0.249779940972402
"Uroderma bilobatum",189.044966773586,191.879931004502,154.431535840977,269.225480396571,190.99558483773,332.356465736,222.795360247215,216.792152218003,200.30068293482,200.294138461643,"Uroderma bilobatum","Uroderma bilobatum","Chiroptera","Phyllostomidae",2.78747733473353,-0.63487827243597,4.23410650459726,3.73838364901703,6305.431,NA,289.007,NA,411.934,130.88,NA,0,2,218.211,NA,3.569814346955,2.09679018001445,1905.883,NA,NA,"0","2",NA,NA,10,0,90,10,0,0,0,0,0,80,10,0,0,1,"2","1","0","0","0","1",2600,-2.30258509299405,2600,"0","1","0",2,"0","1","0","0","0","1","0","0","0","0","0","0","0","0","0","1","0","1","1","0","0","0","0","0","0","0","0","0","0","0","0","0","0",0.244304698511785,1.46079380813635,1.83702448210439,40.59580274,6.299999993,3.41772668295763,NA,NA,"0","0","1","0","1","1",22.8739660812739,-48.845839967782,-0.48640130551163,8.29829751610939,12.5838053294791,14.4616524768923,6.20902181894324,8.4614771818366,-6.05280744820138,2.05924144594592,1.70413203311954,1.10355160275142,0.00519366046218044,-1.06185617644961,1.03510043017455,-10.0982544077692,2.17531761176621,-2.72830346216605,-3.08271569523598,NA,NA
"Vampyriscus bidens",150.777096933088,155.867504680381,168.670809322129,251.286770210477,190.745630887693,350.181965017388,164.711172559734,209.608505527476,170.9690557421,171.072241433331,"Vampyressa bidens","Vampyressa bidens","Chiroptera","Phyllostomidae",2.47737838336721,-0.719491155899547,4.12713438504509,3.57150258596036,5749.193,NA,355.016,NA,483.409,115.893,NA,-0.0100503358535015,1.866,244.131,-0.49429632181478,3.99867765213043,NA,2056.8,NA,NA,"0","2",NA,NA,0,0,100,0,0,0,0,0,0,100,0,0,0,1,"1","1","0","0","0","1",500,NA,NA,"0","1","0",1,"0","1","0","0","0","1","0","0","0","0","0","0","0","0","0","1","0","1","0","0","0","0","0","0","0","0","0","0","0","0","0","0","0",0.86447864546683,1.98948836280776,2.84182657454656,43.807,6.384900004,NA,NA,NA,"0","0","1","0","1","0",21.6866732795782,-50.2674712132649,-10.5056438572495,11.8119788795362,-9.8666379374641,12.5763505649179,-3.98177576371131,15.8841238083172,-1.93045418869761,10.2330948659211,-1.45174131026904,7.1625756502999,6.18326769169304,4.86686531041842,-3.44499210229475,3.72240904626297,5.28778446676162,-2.47595168989793,-2.78465191723332,NA,0.0946160705289673
"Phyllostomus hastatus",132.619071433846,198.915352643218,187.469753723322,267.190201070975,214.371932864263,316.966191180858,47.5524890635128,194.848763896149,173.870516709529,174.011409069362,"Phyllostomus hastatus","Phyllostomus hastatus","Chiroptera","Phyllostomidae",4.41400968052693,0.4265740713184,4.85592890433527,4.42208834024773,6570,487.04,424.699,NA,550.348,120,NA,0,1,350.608,2.76757618041624,4.28799064274729,4.07906170535758,2034.894,NA,NA,"0","2",NA,NA,40,50,10,40,0,50,0,0,0,10,0,0,0,2,"3","1","0","0","0","1",NA,NA,NA,"1","1","0",3,"0","0","0","0","1","1","0","0","0","0","0","0","0","0","0","1","0","1","1","0","1","0","0","0","0","0","0","0","0","0","1","0","0",0.505135602103793,1.68318011477081,2.09852736541476,53.08102268,7.599999995,4.00733318414156,"0",2.71469474334241,"0","0","0","1","1","1",19.6835250043366,-49.5842027933067,-17.940088550688,11.992912686341,-21.7436228523754,-4.48921362252429,-9.42799192679354,-4.2236329380433,8.21298663064184,-4.59950932282695,-1.9426905471826,-5.30462846185846,-7.95361251502176,-5.5345814066911,1.3150560807116,-3.36782793553575,-5.82813209534226,-2.47971830606692,-2.73888842876545,3.71168341708543,0.19273607748184
"Lissonycteris angolensis",281.552636576432,166.803215905752,288.017059179782,343.481027677846,305.888223474523,328.68325719791,235.737559068547,297.290121920003,275.430213980424,275.519951201415,"Myonycteris angolensis","Myonycteris angolensis","Chiroptera","Pteropodidae",4.22405616874376,0.566449527513988,4.78815818732521,4.29155473150981,3157.25,NA,276.058,NA,374.103,121.66,NA,-0.0100503358535015,2,242.055,NA,4.41825007201888,NA,1404.814,NA,NA,"0","2",NA,1,0,0,100,0,0,0,0,0,0,60,40,0,0,2,"1","1","0","0","0","1",4000,-2.30258509299405,4000,"0","1","0",5,"0","1","0","0","0","1","0","0","0","0","1","0","0","0","0","0","0","1","1","1","1","0","1","1","0","0","0","0","0","0","1","0","0",0.548155280522054,1.06194850955932,1.23832540035112,NA,NA,NA,NA,NA,NA,NA,NA,NA,"1","1",-50.199048818539,-11.5451792397197,-25.6718040792453,-37.2490458519777,-3.1529765996569,-21.1126041044729,22.150772489623,-3.44513697889139,-16.3385155239928,6.97701603266635,5.42634153384748,12.0043767417715,6.45915576315588,-10.9034001880547,-2.39507905470854,2.13145890700986,-9.6341146821367,-2.13292551395814,-2.43684568595895,NA,NA
"Triaenops afer",283.021424409757,238.044249721581,290.910075892406,369.991812593451,312.161234008097,401.361698853988,40.8542087007905,279.427681159999,216.045616868424,216.519634083612,"Triaenops afer","Triaenops afer","Chiroptera","Hipposideridae",2.57870052907436,-1.30933331998376,4.04305126783455,3.97029191355212,5583.609,NA,607.572,NA,728.187,106.59,NA,0.0620353909194527,1.006,364.003,NA,4.25913840214784,NA,2314.088,NA,NA,"1","2",NA,NA,100,0,0,100,0,0,0,0,0,0,0,0,0,1,"3","2","0","0","0","1",NA,-2.30258509299405,NA,NA,NA,NA,2,"1","0","0","0","0",NA,NA,NA,NA,"0","1","0","0","0","0","0","0","1","1","0","0","0","0","0","0","0","0","0","0","0","0","0","0",0.354282780031083,0.516584828152343,0.571875851268069,0.00415746578198975,7.4,NA,NA,NA,NA,NA,NA,NA,"1","1",-71.0115416195919,9.25685557780596,18.4870229332363,30.440610247078,-3.44915589900112,-1.2023406304628,-1.08287719577846,-6.76500371371899,-9.28788405612225,6.03694949278941,-5.44952368014656,-1.34020010189717,-0.86327076523184,5.19114269568771,-0.319219602769346,-0.947666507532947,-13.4445421791875,-2.03703273715703,-2.21811993379016,NA,NA
"Myotis davidii",301.506863748259,197.162658797669,305.055162011029,332.719390103223,345.718626193061,384.670550533372,245.149238729192,294.512660862481,270.229685156121,270.392619546021,"Myotis davidii","Myotis davidii","Chiroptera","Vespertilionidae",1.66770682055808,-1.9173226922034,3.91202300542815,NA,8760,410.5,365,456,458.407,62.769,NA,0,1,364.75,NA,3.83600551900423,NA,2632.544,NA,NA,"1","2",NA,NA,100,0,0,NA,NA,NA,NA,NA,NA,NA,NA,NA,NA,1,"3","1","0","0","0","1",NA,NA,NA,NA,NA,NA,2,"1","0","0","0","0","1","0","0","0","1","0","0","0","0","0","0","0","1","0","0","0","0","0","1","0","0","0","0","0","0","0","0","0",0.030416337615757,0.436748155756453,0.532933087022665,NA,NA,NA,NA,NA,NA,NA,NA,NA,"0","0",36.9062386268673,23.6882071957016,12.6870675246177,-9.5188727555462,-17.5242017244017,12.5518191641572,12.4264145198315,-10.0322050932506,7.13945178776387,-0.0779560372894632,-5.10711605508118,5.83937781117686,0.0306313178880738,-0.263003188902308,-1.13849892317619,-1.29793627405163,-1.02621273914981,-2.95019374814039,-3.17805383034795,NA,NA
"Hypsignathus monstrosus",300.107367042643,163.226436731031,261.175451905887,328.518925283044,307.400671069971,374.203109168038,254.250188348906,302.445943892043,275.430213980424,275.519951201415,"Hypsignathus monstrosus","Hypsignathus monstrosus","Chiroptera","Pteropodidae",5.81999390561826,1.20896034583698,5.58063507650067,4.84811636459848,4462.125,227.99,227.99,NA,353.13,125.14,NA,0.336472236621213,2,240.491,3.67122451887522,4.57942151596531,5.09937850393064,1630.362,NA,NA,"0","2",NA,NA,0,10,90,0,10,0,0,0,0,90,0,0,0,1,"1","1","0","0","0","1",1800,NA,NA,"0","0","0",2,"0","1","0","0","0","1","0","0","0","0","1","0","0","0","0","0","0","1","1","0","0","0","0","0","0","0","0","0","0","0","0","0","0",0.653066914657309,1.42902769164284,1.87198461086679,48.20558231,6.700000005,NA,"0",NA,"0","0","1","0","1","1",-55.1000261070905,-9.15202893024052,-24.6638254076312,-38.8356189510505,-1.67756859171589,-17.1899159868223,19.4395561186914,-0.734201194497073,-12.9078034643027,6.74913493725438,5.50466247276574,11.5896572872158,-2.42048318557512,-12.5476933092431,-1.98623560438166,2.60534372635058,-6.95736458177576,-2.53654412785093,-2.97407862059997,4.17099236641221,0.326557260290233
"Neoromicia rendalli",226.152790156921,105.947554472524,177.509426093905,272.95957268775,226.163497350579,309.680168437496,116.044585598961,257.94314951164,208.04852993903,208.049224398195,"Neoromicia rendalli","Neoromicia rendalli","Chiroptera","Vespertilionidae",1.85941811770187,-1.41469383564159,4.15616063084656,3.54095932403731,3553.066,NA,356.529,NA,425.97,94.017,NA,0.505612056713103,1.035,361.551,NA,3.83137678234248,NA,1795.775,NA,NA,"1","2",NA,1,100,0,0,100,0,0,0,0,0,0,0,0,0,1,"3","1","0","0","0","1",NA,-2.30258509299405,NA,NA,NA,NA,1,"1","0","0","0","0","1","0","0","0","0","1","0","0","0","0","0","0","0","1","0","0","0","0","0","0","0","0","0","0","0","0","0","0",0.296118212976224,0.525038311362786,0.58389874489188,NA,NA,NA,NA,NA,"0","0","0","1","0","1",33.2041719382436,35.7594385013839,-27.2696241711397,12.4164450863858,8.58439010632558,0.237741175005499,1.26900883476514,-2.14165560487398,4.05592604319559,12.0215451324044,9.9693691496604,-8.90473863811977,0.590841389217937,-0.0799973480965389,-2.57263007938155,-0.72036680818262,0.646301464511712,-2.12119725044551,-2.29915058873042,NA,NA
"Monophyllus redmani",91.0743590632066,135.652977049011,169.839080693904,229.283083478715,92.5708987320548,254.395601180618,78.4483672059015,193.031665187555,170.176509536523,170.30425371782,"Monophyllus redmani","Monophyllus redmani","Chiroptera","Phyllostomidae",2.16848210847057,-0.843970070294529,4.14419765334796,3.67452694788954,4566.211,NA,491.454,NA,604.814,119.381,NA,-0.0100503358535015,1.515,262.495,NA,4.0848496276603,NA,2123.282,NA,NA,"0","2",NA,NA,20,0,80,20,0,0,0,0,0,40,40,0,0,3,"2","1","0","0","0","1",NA,NA,NA,"1","1","0",1,"0","1","0","0","0","0","0","0","1","0","0","0","0","0","0","1","0","0","0","0","0","0","0","1","0","0","0","0","0","0","0","0","0",0.523699548739432,1.20751084518156,1.57073286915637,50.8775676834231,NA,2.35137525716348,NA,1.62924053945758,"1","0","0","0","0","0",19.2163657856107,-48.6876330109549,-18.7266817033248,11.3812612605804,-22.7282091295975,-8.3962367197623,-9.38619782702832,-8.25811549870109,8.32468463972549,-7.04229555312255,-1.07923702135584,-7.01842280432438,-7.4427164978217,-4.84335373296597,1.41596964106657,-3.48230402225468,-3.93154307076394,-2.02151806440219,-2.22907069298826,NA,NA
"Hipposideros ruber",225.574311696901,113.119225380594,181.399353587246,309.565547177559,216.814449908966,393.179901223953,92.4035084474482,239.185685905486,199.408591464036,199.661196006541,"Hipposideros ruber complex str2","Hipposideros ruber","Chiroptera","Hipposideridae",2.3060789822483,-1.32802545299591,4.00715135051972,3.902982260776,5670.861,656.14,581.78,730.5,688.32,106.54,NA,0,1,364.196,1.02604159583327,4.5143698216616,NA,2223.306,NA,NA,"0","2",NA,NA,100,0,0,100,0,0,0,0,0,0,0,0,0,1,"3","1","0","0","0","1",2300,-2.30258509299405,2300,NA,NA,NA,2,"1","0","0","0","0","1","0","0","0","0","1","0","0","0","0","0","0","1","1","0","0","0","0","1","0","0","0","0","0","0","0","0","0",0.245779787071248,1.19192135818672,1.68387315053716,0.00354747884221874,6.54285714285714,6.4377516489364,NA,0.0953101797791994,"1","0","0","0","1","0",-74.2647093210796,9.10829418071302,12.6448486749741,16.703986889325,-0.285386933866994,10.6596347125919,-15.0033752248095,-10.3003100504169,-3.47221363390751,-2.94781713311337,13.0982628923153,9.16598820186384,-4.45135669294281,5.07960395423194,-0.173330466066186,0.147313703076784,3.17967417187836,-2.10884239096596,-2.27700386764935,NA,0.278026905829596
"Centurio senex",76.9742702623136,113.421038337715,113.916283657485,243.036516443979,101.698081734968,314.968633760598,90.2911567710028,151.826192518781,169.777738366278,169.904589197503,"Centurio senex","Centurio senex","Chiroptera","Phyllostomidae",3.1393996233664,-0.373966441048793,4.21950770517611,3.78418963391826,5883.757,NA,370.66,NA,495.951,115.425,NA,-0.00501254182354429,1.858,240.505,NA,3.9391516728164,NA,2079.503,NA,NA,"0","2",NA,NA,0,0,100,0,0,0,0,0,0,100,0,0,0,1,"1","1","0","0","0","1",1400,NA,NA,"1","0","0",2,"0","1","0","0","0","1","0","0","0","0","0","0","0","0","0","1","0","1","0","0","1","0","0","0","0","0","0","0","0","0","1","0","0",0.26227059545239,1.11286117042827,1.4241374576784,NA,NA,0.693147181559945,NA,NA,"0","1","0","0","1","0",21.518476051547,-50.2128255076588,-11.2017121379802,12.0902074362539,-10.8773156874148,12.3510250554767,-4.61837322401329,15.9784230609212,-0.967487002471309,11.017536993763,-2.13689421482185,8.03662700405895,6.38888673102293,5.05868837479302,-4.35328274061496,5.84276568593758,4.57971094625743,-2.47347365090982,-2.76466558206292,NA,NA
"Pipistrellus nanulus",209.757042718657,88.4785808927258,169.839524856613,265.965516027384,196.274410373882,321.001052067323,165.566441021197,231.764128429246,208.04852993903,208.049224398195,"Pipistrellus nanulus","Pipistrellus nanulus","Chiroptera","Vespertilionidae",0.920282753143692,-1.8773173575897,4.07035919947159,3.3322045101752,1907.921,NA,262.829,NA,347.707,73.338,NA,0.672944473242426,1.361,337.435,NA,3.80223046060039,NA,1470.606,NA,NA,"1","2",NA,NA,100,0,0,100,0,0,0,0,0,0,0,0,0,1,"3","1","0","0","0","1",NA,-2.30258509299405,NA,"0","1","0",1,"1","0","0","0","0","1","0","0","0","0","1","0","0","0","0","0","0","1","1","0","1","0","0","0","0","0","0","0","0","0","1","0","0",0.366414852391473,0.820491967760411,1.06897274703866,NA,NA,NA,NA,NA,NA,NA,NA,NA,"1","0",32.2772572572737,36.1177242001094,-30.390041627539,15.0645921812216,11.0839855396257,-3.0559866166496,-4.4890624615095,4.5794384695278,-5.82680861548341,-11.3750727136431,-8.21042999253453,6.98103140756446,-0.66371731770311,0.199043350395382,1.94945100553387,0.639364563020879,-0.0166269318201551,-1.70240927542976,-1.98226581594044,NA,NA
"Epomops buettikoferi",281.024621028923,232.160693855392,317.753878559266,338.670718593668,301.572240531697,328.800655511454,284.512270035635,300.932652262184,275.430213980424,275.519951201415,"Epomops buettikoferi","Epomops buettikoferi","Chiroptera","Pteropodidae",4.91022546649722,0.931770302722541,5.19295685089021,4.50158586973152,790.833,275.89,275.89,NA,365,139.92,NA,-0.0202027073175195,2,240.844,3.14544454678232,4.01908207772155,3.85566427175876,1330.732,NA,NA,"0","2",NA,NA,0,0,100,0,0,0,0,0,0,100,0,0,0,1,"1","1","0","0","0","1",1200,-2.30258509299405,1200,"0","0","0",2,"0","1","0","0","0","1","0","0","0","0","1","0","0","0","0","0","0","1","1","1","1","0","0","0","0","0","0","0","0","0","1","0","0",0.998356770088232,1.66511192743176,2.22054770290991,NA,NA,NA,NA,NA,NA,NA,NA,NA,"1","0",-55.7379886004561,-8.84098388989021,-24.5468626709838,-39.048026489898,-1.43220949403158,-16.4184296569956,18.8433777344749,-0.189194730105448,-12.1004254343311,6.69855537746641,5.33495871377533,11.3053915835305,-4.33591798677747,-12.4677240148326,-1.87228639810328,2.6467455219098,-6.20132552030978,-0.773189466737081,-1.05308458476951,2.03443822643134,0.335599616717034
"Glauconycteris poensis",239.167406036141,145.124727648148,223.733506971133,294.066745811343,130.984420749428,330.296100503105,160.420529038882,274.095280943994,210.204382013375,210.20588073387,"Glauconycteris poensis","Glauconycteris poensis","Chiroptera","Vespertilionidae",1.93296963777958,-1.58474529984373,4.15204727235039,3.62434093297637,3636.157,NA,346.365,NA,406.184,76.099,NA,0.55043087835835,1.045,362.237,NA,3.69791352374381,NA,1642.426,NA,NA,"1","2",NA,NA,100,0,0,100,0,0,0,0,0,0,0,0,0,1,"3","1","0","0","0","1",NA,-2.30258509299405,NA,"0","0","0",1,"1","0","0","0","0","1","0","0","0","0","1","0","0","0","0","0","0","1","0","0","0","0","0","0","0","0","0","0","0","0","0","0","0",0.946298839218308,1.55573440241757,2.01897717747684,NA,NA,NA,NA,NA,NA,NA,NA,NA,"1","0",35.7261449697436,24.8397026946876,5.27602899570055,-5.37113046756824,-13.9530374414572,13.0846940322337,13.865934656587,-14.2219599208123,14.2022527051684,8.12203238523933,-4.56113578799256,8.21331892901948,1.7327569966296,0.286774383696582,12.3915144814698,2.47493056143198,-0.0794974839285538,-2.19187637477592,-2.3511895013606,NA,NA
"Carollia sowelli",157.802126508033,153.935478836371,163.573206656576,235.566961538519,113.504507126494,301.775775574079,180.557252385638,223.867068456483,192.517547457387,192.513105465216,"Carollia sowelli","Carollia sowelli","Chiroptera","Phyllostomidae",2.80336038090653,-0.638658995275876,4.24849524204936,3.69535842021165,5401.267,NA,374.724,NA,497.208,114.251,NA,-0.0202027073175195,1.757,232.652,NA,4.05624455417752,NA,2066.746,NA,NA,"0","2",NA,NA,20,0,80,0,0,0,0,0,0,100,0,0,0,1,"2","1","0","0","0","1",NA,NA,NA,NA,NA,NA,2,"0","1","0","0","0","1","0","0","0","0","0","0","0","0","0","1","0","1","0","0","0","0","0","0","1","0","0","0","0","0","0","0","0",0.541043634930909,1.63216879970884,2.00335215941371,NA,NA,NA,NA,NA,NA,NA,NA,NA,"0","0",20.2507015718643,-50.2086575759612,-16.4859894771092,12.6588475839034,-19.8465266321046,2.04579657680749,-9.09555921568778,3.79789905323088,7.11049683985527,1.94772321461399,-3.64574175990754,0.60317063802494,-4.84586650833913,-4.52144679260881,-1.45769748676331,1.44924956951788,-7.70903391368859,-2.38538038504907,-2.66819907967133,NA,NA
"Mormoops blainvillei",271.506974201639,215.370804952952,333.236540273525,297.790919009661,190.01210262635,291.453222403951,205.855686862933,284.806859427423,252.376652084037,252.492296662953,"Mormoops blainvillii","Mormoops blainvillei","Chiroptera","Mormoopidae",2.33650331119751,-1.12085789761543,4.15493781099739,3.83945231259331,5376.244,NA,518.183,NA,639.782,115.049,NA,0,1,360.978,NA,4.22240057561211,NA,2100.748,NA,NA,"0","2",NA,NA,100,0,0,100,0,0,0,0,0,0,0,0,0,1,"3","1","0","0","0","1",NA,NA,NA,"1","1","0",1,"1","0","0","0","0","0","0","0","1","0","0","0","0","0","0","1","0","0","0","0","0","0","0","1","0","0","0","0","0","0","0","0","0",1.00516995988173,1.47036848947169,1.67837059491792,26.53457132,6.340000002,NA,NA,NA,"1","0","0","0","0","0",11.4113442419837,-41.4537029904196,-21.6372418733451,0.464240181803741,-20.241995589203,-21.5874938051544,1.17839074496493,-19.1475941299697,-2.9923147016228,-8.50099177522201,3.16568143507473,-4.98030867243383,8.19632937300087,10.5506470677388,2.70555035112228,-1.36694939277408,11.5374352512604,-2.12861777474995,-2.33941680635437,NA,NA
"Pteronotus rubiginosus",97.5238256653412,138.932631913603,188.586826733048,176.61817483056,93.9256223859585,266.925472339514,330.305768490548,211.067345628937,210.29140299097,210.223097834265,"Pteronotus rubiginosus","Pteronotus parnellii","Chiroptera","Mormoopidae",2.96501530089193,-0.631111789640493,4.22683374526818,4.09584343834584,5193.601,NA,509.676,NA,640.373,107.97,NA,-0.00501254182354429,1,360.787,NA,4.33204826486764,NA,2089.985,NA,NA,"0","2",NA,NA,99,0,1,100,0,0,0,0,0,0,0,0,0,1,"3","1","0","0","0","1",2200,4.17592454921452,2135,NA,NA,NA,1,"1","0","0","0","0","1","0","0","0","0","0","0","0","0","0","1","0","1","0","0","0","0","0","0","0","0","0","0","0","0","0","0","0",0.631473864605542,1.59364334624717,2.46170763329121,NA,NA,NA,NA,NA,NA,NA,NA,NA,"1","0",8.44839302533513,-39.9119943814211,-22.306732215952,-2.08132162969822,-19.4657139682155,-23.062970975128,3.2946216351414,-19.7327844515587,-5.25752711763384,-7.8049988082783,3.29589323234221,-4.35539583331194,11.4510793667763,13.3054843848764,2.58910308492903,-2.01646323990729,12.9394154102657,-2.09313175078045,-2.32140734014902,NA,NA
"Cynopterus sphinx",304.754980842401,239.001099781272,260.524971330827,313.636546084159,338.221287022373,315.823540670422,247.842092660854,319.763636147227,276.158085262326,276.246318372023,"Cynopterus sphinx","Cynopterus sphinx","Chiroptera","Pteropodidae",3.62167070442049,0.059211859631846,4.72734356994577,4.26267987704132,3686.5,312.99,251.71,525,319.37,120,NA,0.0953101798043249,2,224.836,2.39789527279837,3.73766961828337,3.2188758248682,1285.253,NA,NA,"0","2",NA,1,0,0,100,0,0,0,0,0,0,100,0,0,0,1,"1","1","0","0","0","1",400,-2.30258509299405,400,"0","1","0",2,"0","1","0","0","0","1","0","0","0","0","0","0","0","1","0","0","0","1","0","0","1","0","0","0","0","0","0","0","0","0","1","0","0",0.388383562865378,1.62890283572263,1.74185089939945,45.05834467,6.700000005,0.693147181559945,"0",NA,"0","0","0","1","1","0",-72.4046138256158,5.46592245655716,-7.11965032284596,-21.5550124553835,4.99423928705531,10.8147930398841,-10.2648115486787,0.887604717369485,6.72554035380827,-6.21313684914496,-0.111939412882797,-3.46014728663397,16.5981597589589,-13.2221324527777,-0.176294972417189,0.294315905062554,-0.310609694237159,-2.44608247217159,-2.68415514624054,2.27272727272727,0.647058823529412
"Carollia brevicauda",175.145356535734,172.565652669581,149.625317591119,227.716969452284,112.457935761743,305.093890399043,148.306063970887,190.940428973816,192.517547457387,192.513105465216,"Carollia brevicauda","Carollia brevicauda","Chiroptera","Phyllostomidae",2.69799986524871,-0.596020469829223,4.24849524204936,3.69535842021165,5397.685,NA,415.332,NA,536.402,114.949,NA,-0.0202027073175195,1.724,234.833,NA,4.11489854116985,NA,2093.991,NA,NA,"0","2",NA,NA,0,0,100,0,0,0,0,0,0,100,0,0,0,1,"2","1","0","0","0","1",NA,NA,NA,"0","1","0",2,"0","1","0","0","0","1","0","0","0","0","0","0","0","0","0","1","0","1","1","0","0","0","0","0","0","0","0","0","0","0","0","0","0",0.25527192008879,1.65808340082609,2.07945868890234,49.52089301,5.499999994,NA,NA,NA,"0","1","0","0","1","1",20.3032542078253,-50.227118723301,-16.3280167962752,12.7345817195612,-19.5692280598838,2.71504615071973,-8.97169861767636,4.61503957858543,6.84813087988914,2.69568578915568,-3.72048580973753,1.2647984978384,-4.13800593911309,-4.08531603914442,-1.79417644662381,2.01423232407184,-7.48177495738048,-2.30884155696761,-2.5646472365277,NA,NA
"Brachyphylla cavernarum",163.812380088306,166.363824361087,143.36674062146,221.122487554485,79.9841270140075,243.662928156884,112.742727162299,159.422499907075,170.163431732836,170.291175914133,"Brachyphylla cavernarum","Brachyphylla cavernarum","Chiroptera","Phyllostomidae",3.80666248977032,0.245296355955343,4.39765389055958,4.19283150893675,5070.248,NA,383.769,NA,506.168,121.518,NA,0,1.5,243.325,NA,4.29646874631224,NA,2067.021,NA,NA,"0","2",NA,NA,10,0,90,10,0,0,0,0,0,70,10,0,10,1,"2","1","0","0","0","1",NA,NA,NA,"1","0","0",2,"0","1","0","0","0","0","0","0","1","0","0","0","0","0","0","1","0","1","0","0","0","0","0","1","0","0","0","0","0","0","0","0","0",0.462012709589759,1.06295396693697,1.35771757494077,37.95651214,6.360000005,NA,NA,NA,"0","0","0","1","1","0",18.6851378844154,-47.8046231256233,-19.5953492307745,10.2689362540492,-23.6188484675053,-12.5020846363306,-8.41481644288143,-12.0883772053414,7.42848501701293,-8.5733509985779,0.0910000572908271,-7.27645535030806,-5.87343320728843,-3.94427509202762,1.17893744310588,-1.65696504219678,-2.05426202180689,-2.30427638058361,-2.58110420149989,NA,NA
"Eidolon helvum",107.985730759974,88.6281428432255,206.629643739616,298.321424803327,89.4262704575074,294.068379143867,172.672193536927,266.119307883043,168.438151594385,168.117105081809,"Eidolon helvum","Eidolon helvum","Chiroptera","Pteropodidae",5.63632413945168,1.48907655576292,5.29224899114643,4.79164975293071,7968.863,NA,534.874,NA,698.089,219.68,NA,0.0392207131532813,1,364.75,3.89467336709303,4.14178460904393,4.72321985276191,1825,NA,NA,"0","2",NA,NA,0,0,100,0,0,0,0,0,0,100,0,0,0,1,"1","2","0","0","0","1",2000,-2.30258509299405,2000,NA,NA,NA,3,"0","1","0","0","0","1","0","0","0","0","1","0","0","0","0","0","0","1","1","0","1","0","0","0","0","0","0","0","0","0","1","0","0",0.0207790069092841,1.12876394988213,1.48684377323618,47.11269039,6.900000004,13.2176735561177,"1",NA,"0","0","0","1","1","1",-69.6160066123823,3.65169261612135,-13.702801496615,-33.4334847655584,6.28761111511783,9.12132130722516,-6.96516510416434,4.33818826222175,7.60235955541358,-3.17122888795637,-7.96636697885752,-8.6789727129024,8.05681449224105,8.15023919581047,1.07597226556176,-2.61333223189532,-5.24238305381492,-2.4349504998351,-2.70126589649292,2.28998778998779,0.182240131227044
"Artibeus lituratus",160.96106228294,131.874971168209,163.315005959804,300.147518186657,143.503663682958,297.693922762174,150.454911766342,211.092322030735,169.805927071857,169.932777903082,"Artibeus lituratus","Artibeus lituratus","Chiroptera","Phyllostomidae",3.8308129500026,0.048790164169432,4.53259949315326,4.25319845031993,7014.083,326.825,288.37,365.28,394.91,106.54,NA,0,2,219.849,2.18605127673809,2.70805020110221,3.5201649007262,1878.836,NA,NA,"0","2",NA,NA,10,0,90,10,0,0,0,0,0,80,10,0,0,1,"2","1","0","0","0","1",NA,NA,NA,"0","1","0",2,"0","1","0","0","0","1","0","0","0","0","0","0","0","0","0","1","0","1","0","0","1","0","0","0","0","0","0","0","0","0","1","0","0",0.23621292000192,1.30691063942361,1.6708858419156,45.31317706,6.1,2.35137525716348,"0",NA,"0","0","0","1","1","0",21.0624205477076,-50.1591064726907,-13.1328493017834,12.6669120769608,-14.1558528997761,10.6302309882521,-6.46335806826718,14.6613076528877,1.75003970453379,10.929925520754,-3.50918376556023,8.37078452245023,4.61713533060716,3.22176006671871,-5.21184736526108,7.81768849120592,0.707875896440559,-2.87701737326748,-3.1914308862973,3.79662921348315,0.386117136659436
"Hipposideros armiger",274.848575620058,164.36941324269,233.987082886145,328.700805014743,263.263902970513,334.736595934832,216.544142013093,261.790224912586,222.480231067024,222.508683540126,"Hipposideros armiger","Hipposideros armiger","Chiroptera","Hipposideridae",3.91182298542548,-0.27443684570176,4.58210624638954,4.49412688719477,5024.223,NA,601.457,NA,751.548,137.028,NA,0.0266419309464211,1.005,361.19,NA,4.41236183446995,NA,2272.723,NA,NA,"0","2",NA,NA,100,0,0,100,0,0,0,0,0,0,0,0,0,1,"3","1","0","0","0","1",2031,4.60616968632117,1931,"0","1","0",2,"1","0","0","0","0","1","0","0","0","0","0","0","0","1","0","0","0","1","0","0","1","0","0","1","0","0","0","0","0","0","1","0","0",0.485340929524573,1.63048164207233,2.236671063603,30.83319034,5.569999998,NA,NA,NA,"0","0","0","1","1","0",-73.4024206224367,9.19536557694693,14.3658483494989,20.6031714497478,-1.07351789303332,8.62921488228607,-13.0273838224519,-10.6907275144322,-5.32569941284084,-1.35204011161816,11.3472333521142,8.71298877975553,-4.56778223605727,8.48279985660099,-0.245316363818868,-0.433373838498922,-2.74043669787389,-1.89989101469687,-2.12267104919309,NA,NA
"Dermanura glauca",43.5688498302891,85.5599084043458,77.5799577211937,189.315876028675,74.1053952363406,226.903613463101,42.8795177045758,141.549065758098,169.777738366278,169.904589197503,"Artibeus glaucus","Dermanura glaucus","Chiroptera","Phyllostomidae",2.52612856432958,-0.742337424750717,3.85014760171006,NA,5984.62,NA,354.741,NA,477.199,117.278,NA,-0.0100503358535015,1.904,235.076,NA,3.60253149337871,NA,2102.364,NA,NA,"0","2",NA,NA,10,0,90,10,0,0,0,0,0,80,10,0,0,1,"2","1","0","0","0","1",NA,NA,NA,"0","0","0",1,"0","1","0","0","0","1","0","0","0","0","0","0","0","0","0","1","0","1","0","0","0","0","0","0","0","0","0","0","0","0","0","0","0",0.267906657542099,1.62411269368207,2.14941648487746,NA,NA,NA,NA,NA,"0","0","1","0","1","0",21.2507222551922,-50.0774347669952,-12.1997659274606,12.4075156676791,-12.4314039988137,11.7784985044165,-5.40040187930952,15.6485419760332,0.256642189047095,11.4140004628928,-2.85392128392707,8.61555272587517,5.98160305107785,4.53542342602664,-4.86069692676299,7.28215906005485,2.96246254406682,-2.52901452924873,-2.8255601781734,NA,NA
"Neoromicia nana",275.457638684507,169.398770315126,287.197650885716,359.508722877935,292.695435663961,335.915196036833,224.306659869051,304.893286374441,233.395916680469,233.400650071786,"Neoromicia nanus","Neoromicia nana","Chiroptera","Vespertilionidae",1.35583515363518,-2.30258509299405,4.05347048301213,3.36729582998647,1255.221,NA,193.337,NA,302.175,75.56,NA,0.62057648772511,1.5,315.979,NA,3.78897362689924,NA,1316.869,NA,NA,"1","2",NA,1,100,0,0,100,0,0,0,0,0,0,0,0,0,1,"3","1","0","0","0","1",NA,-2.30258509299405,NA,NA,NA,NA,3,"1","0","0","0","0","1","0","0","0","0","1","0","0","0","0","0","0","1","1","0","1","0","0","0","1","0","0","0","0","0","1","0","0",0.0207441159093876,0.796723408117481,1.04701985156552,12.6016305147383,6.07835757057314,1.79175946839472,NA,NA,"0","0","1","0","1","1",33.2057604239712,35.7694741058085,-27.305610458267,12.4381701729275,8.62386229574885,0.195223545397207,1.21553730946344,-2.07269573864611,3.97223167401173,11.9464734911107,9.98013157474995,-8.94970692008707,0.572049597219457,-0.0808993087962978,-2.73932974822702,-0.746579844983814,0.640133566131695,-1.42406061193488,-1.87063215147065,NA,NA
"Hipposideros larvatus",237.092438475535,171.19994372135,211.969586965218,295.926312836193,219.423366439839,318.04113961015,155.354430001726,266.507408539617,215.538844658801,215.527732414617,"Hipposideros larvatus","Hipposideros larvatus","Chiroptera","Hipposideridae",2.99322914333587,-0.877070018720874,4.22518274808557,4.094177881665,5229.055,NA,607.866,NA,729.087,104.246,NA,-0.0202027073175195,1.039,364.027,1.32175583998232,4.19889975369344,NA,2247.277,NA,NA,"1","2",NA,NA,100,0,0,100,0,0,0,0,0,0,0,0,0,1,"3","1","0","0","0","1",NA,NA,NA,"1","1","0",2,"1","0","0","0","0","1","0","0","0","0","0","0","0","0","0","0","0","1","0","0","1","0","0","1","0","0","0","0","0","0","1","0","0",0.522989274974009,1.67084077307217,1.62437585185388,33.39594081,5.300000005,NA,NA,NA,"0","0","0","1","1","0",-73.2688988782333,9.21774144938289,14.6963440587504,21.3440604240152,-1.22783147063518,8.0990938420747,-12.3982693026487,-10.4826901619456,-5.48650035116459,-1.03804878377828,10.8059839510791,8.44606163447754,-4.73946670312267,8.95576663025781,-0.240540247638403,-0.52588016315292,-3.76937968776979,-1.97019278594454,-2.15203138945751,NA,0.191394736842105
"Coleura afra",249.674472931735,167.003506811724,207.148245977262,272.869312498055,268.872456938703,346.178081870769,179.498987774412,229.678133706467,205.908167537502,205.923244700985,"Coleura afra","Coleura afra","Chiroptera","Emballonuridae",2.36837283353205,-1.35479569406052,4.18965474202643,3.87120101090789,2383.193,365,365,NA,365,108.128,NA,0,1.5,282.658,NA,3.97068806149026,NA,1180.423,NA,NA,"1","2",NA,NA,100,0,0,100,0,0,0,0,0,0,0,0,0,1,"3","1","0","0","0","1",NA,-2.30258509299405,NA,"0","1","0",5,"1","0","0","0","0","1","0","0","0","0","1","0","0","0","0","0","0","1","1","1","0","0","0","1","1","0","0","0","0","0","0","0","0",0.0557947393136585,0.618813127696327,0.960825013417952,NA,NA,10.1365814335154,"0",1.96009478398888,"0","0","0","1","0","1",26.5752812887406,-35.4096931242269,13.1991522456862,1.86231480301611,30.9772332781807,8.0963690544472,10.6838098893632,-5.92598376258527,-3.7525541620858,-7.89977728656764,2.63881653730172,-8.28048037175486,-0.730162883880024,1.15583282549366,5.06535198888102,10.4760701852199,-0.326380246206953,-1.87629911058501,-1.87629911058501,NA,NA
"Chaerephon pumilus",197.542972788157,163.199555417293,169.279074282503,248.227045347628,174.850268850668,261.763212008446,248.584016691922,135.795215678996,193.982149139714,193.609593095737,"Chaerephon pumilus str1","Chaerephon pumilus","Chiroptera","Molossidae",2.39607543608138,-1.24827306322252,4.55387689160054,3.66330520299451,1825,140.97,140.97,NA,152.08,62.57,NA,0,3,249.926,1.28923264827676,3.19867311755068,NA,637.227,NA,NA,"0","2",NA,NA,100,0,0,100,0,0,0,0,0,0,0,0,0,1,"3","1","0","0","0","1",NA,NA,NA,NA,NA,NA,3,"1","0","0","0","0","1","0","0","0","0","0","0","0","0","0","0","0","1","1","1","1","0","0","0","0","0","0","0","0","0","1","0","0",0.253815524111553,0.68725676180952,0.836328904533534,57.91060964,8.900000007,8.29779262737713,"0",0.0953101797791994,"0","0","0","1","1","1",35.4746540826699,10.2749901160564,26.1512208995209,-14.1592808311815,-0.0944557209379946,-18.4064232449817,-17.454486116892,7.60777058429522,1.76196981216392,9.17616034024645,-0.00105071422580395,5.16200816722499,1.738510026307,-0.523946701881328,5.24857945895737,-7.0952222112688,1.02506930152904,-2.48492856783642,-2.56078816423376,NA,0.991803278688524
"Balantiopteryx plicata",167.401992613036,118.679294433798,140.166137069571,287.675597668654,229.879975972371,351.111988813199,136.318767317219,232.661860158708,198.445075634657,198.449930392278,"Balantiopteryx plicata","Balantiopteryx plicata","Chiroptera","Emballonuridae",1.88251383249652,-1.45671682541644,3.97029191355212,3.74313086894585,2533.589,226.19,226.19,NA,365,138.81,NA,-0.0100503358535015,1,341.832,0.693147180559945,4.0705640335567,NA,1173.279,NA,NA,"1","2",NA,NA,100,0,0,100,0,0,0,0,0,0,0,0,0,1,"3","1","0","0","0","1",1500,-2.30258509299405,1500,"0","1","0",3,"1","0","0","0","0","1","0","0","0","0","0","0","0","0","0","1","0","1","0","1","1","0","0","0","0","0","0","0","0","0","1","0","0",0.0680962959126802,0.629602917215672,0.787564766839378,NA,NA,7.46737106748899,NA,2.57261222994542,"0","0","0","1","1","0",24.7559253970193,-43.2547522959272,7.95879881671416,3.91467342504278,26.4392925782626,11.9987216467328,12.8377514999774,-0.354414382634162,-8.06841827843542,-3.89640990838933,4.28557556198985,-3.91959245363616,-0.91167400204029,-1.41849406215622,6.34847053714386,-3.54414622699984,-1.71345785551505,-1.93749479998427,-2.41601679952687,NA,0.301369863013699
"Chaerephon pumilus",221.13014897153,153.360203463516,161.695390897584,304.312298043162,128.437599213276,240.11575388625,234.17103628735,162.896398961214,193.982149139714,193.609593095737,"Chaerephon pumilus str2","Chaerephon pumilus","Chiroptera","Molossidae",2.39607543608138,-1.24827306322252,4.55387689160054,3.66330520299451,1825,140.97,140.97,NA,152.08,62.57,NA,0,3,249.926,1.28923264827676,3.19867311755068,NA,637.227,NA,NA,"0","2",NA,NA,100,0,0,100,0,0,0,0,0,0,0,0,0,1,"3","1","0","0","0","1",NA,NA,NA,NA,NA,NA,3,"1","0","0","0","0","1","0","0","0","0","0","0","0","0","0","0","0","1","1","1","1","0","0","0","0","0","0","0","0","0","1","0","0",0.253815524111553,0.68725676180952,0.836328904533534,57.91060964,8.900000007,8.29779262737713,"0",0.0953101797791994,"0","0","0","1","1","1",35.4746540826699,10.2749901160564,26.1512208995209,-14.1592808311815,-0.0944557209379946,-18.4064232449817,-17.454486116892,7.60777058429522,1.76196981216392,9.17616034024645,-0.00105071422580395,5.16200816722499,1.738510026307,-0.523946701881328,5.24857945895737,-7.0952222112688,1.02506930152904,-2.48492856783642,-2.56078816423376,NA,0.991803278688524
"Micropteropus pusillus",274.42258683774,179.293445510388,256.337793283311,371.95057154893,300.32409257825,361.972390929888,183.674242789252,331.87839954088,272.957852621652,273.097163203405,"Micropteropus pusillus","Micropteropus pusillus","Chiroptera","Pteropodidae",3.23396146228624,-0.198450938723838,4.50744709745948,3.95085902921334,1669.875,202.08,202.08,NA,349.79,161.77,NA,-0.0100503358535015,2,236.209,NA,4.01060056878914,2.99573227355399,1241.372,NA,NA,"0","2",NA,1.5,0,0,100,0,0,0,0,0,0,90,10,0,0,1,"1","1","0","0","0","1",NA,NA,NA,"0","1","0",3,"0","1","0","0","0","1","0","0","0","0","1","0","0","0","0","0","0","0","0","0","0","0","0","0","0","0","0","0","0","0","0","0","0",0.197070572569907,0.980594068413637,1.24905479747656,45.59771293,8.7,1.70474809114752,NA,-2.30258509299405,"0","0","1","0","0","0",-57.4846083608943,-7.75858669210187,-23.9319062677122,-39.6231451910338,-0.399806523862963,-13.337002471904,16.4800778786281,1.54313520533919,-9.57226150019763,6.50589393176199,4.89747301133066,10.5262136780849,-9.458547196972,-11.6515128460901,-1.60648595576673,2.82571055784751,-3.5056577441363,-1.56317107789855,-2.1118403937078,NA,NA
"Epomophorus labiatus",279.595851045681,221.873753225744,292.575696274378,359.730434923852,330.106006304502,307.547217385111,239.939270491237,300.932652262184,275.430213980424,275.519951201415,"Epomophorus labiatus","Epomophorus labiatus","Chiroptera","Pteropodidae",4.24348270022581,0.463104887554579,4.54679927266176,4.29360517307298,5594.036,NA,516.483,NA,656.55,156.43,NA,-0.0100503358535015,2,269.438,2.39789527279837,5.02322899285853,NA,2081.61,NA,NA,"0","2",NA,NA,0,0,100,0,0,0,0,0,0,100,0,0,0,1,"1","1","0","0","0","1",2200,-2.30258509299405,2200,"0","1","0",1,"0","1","0","0","0","1","0","0","0","0","1","0","0","0","0","0","0","1","1","1","1","0","0","0","0","0","0","0","0","0","0","0","0",0.0374599165791559,0.70081461158951,1.04297378599055,0.00509849909506319,5.9,NA,NA,NA,NA,NA,NA,NA,"0","1",-56.9871821232887,-8.1125467102037,-24.161668346406,-39.3708595476949,-0.88229157280176,-14.7222093542881,17.3699951086852,0.629690353191612,-10.5472207684893,6.44446645391615,5.14048218252616,10.7770502782101,-7.29716356067011,-11.9878829601929,-1.71466508328607,2.82792450423318,-4.53222282643536,-2.14245745690276,-2.38241393503292,NA,0.312706389088299
"Desmodus rotundus",219.971804694275,165.396151857207,186.68156174457,350.431298580725,230.646366962339,399.726757064094,266.565571855154,208.969115845436,192.121150460866,192.144172077173,"Desmodus rotundus","Desmodus rotundus","Chiroptera","Phyllostomidae",3.5019472847623,-0.125563222975346,4.44851637594271,4.06543055205746,10658,285,285,285,285,189,NA,0,1.26,288.777,2.07944154167984,5.61312810638807,NA,2779.798,NA,NA,"0","2",NA,NA,0,100,0,0,100,0,0,0,0,0,0,0,0,1,"3","1","0","0","0","1",2400,NA,NA,"0","1","0",3,"0","0","1","0","0","1","0","0","0","0","0","0","0","0","1","1","0","1","0","0","1","0","1","1","0","0","0","0","0","0","1","0","0",0,1.21048188614668,1.72611423363579,45.83315451,6.1,6.9177056108254,"0",3.80888224624486,"0","0","0","1","0","0",13.9784361593213,-42.7091380190197,-20.7184217416069,3.19043460500248,-21.0776886018567,-20.1862930664377,-0.770329814782589,-18.690384682362,-0.977872110526113,-9.26417018445012,3.37123664020168,-5.45834227372857,5.0216397803535,7.38717123700119,2.872174562855,-0.837271570656223,10.0861316145508,-3.62157688258808,-3.62157688258808,NA,0.30379746835443
"Hipposideros ruber",251.408254493009,198.855610371441,240.109414576063,305.980837352855,344.095634146561,354.479267630446,215.466078510845,240.419067938071,199.408591464036,199.661196006541,"Hipposideros ruber complex str1","Hipposideros ruber","Chiroptera","Hipposideridae",2.3060789822483,-1.32802545299591,4.00715135051972,3.902982260776,5670.861,656.14,581.78,730.5,688.32,106.54,NA,0,1,364.196,1.02604159583327,4.5143698216616,NA,2223.306,NA,NA,"0","2",NA,NA,100,0,0,100,0,0,0,0,0,0,0,0,0,1,"3","1","0","0","0","1",2300,-2.30258509299405,2300,NA,NA,NA,2,"1","0","0","0","0","1","0","0","0","0","1","0","0","0","0","0","0","1","1","0","0","0","0","1","0","0","0","0","0","0","0","0","0",0.245779787071248,1.19192135818672,1.68387315053716,0.00354747884221874,6.54285714285714,6.4377516489364,NA,0.0953101797791994,"1","0","0","0","1","0",-74.2647093210796,9.10829418071302,12.6448486749741,16.703986889325,-0.285386933866994,10.6596347125919,-15.0033752248095,-10.3003100504169,-3.47221363390751,-2.94781713311337,13.0982628923153,9.16598820186384,-4.45135669294281,5.07960395423194,-0.173330466066186,0.147313703076784,3.17967417187836,-2.10884239096596,-2.27700386764935,NA,0.278026905829596
"Pteropus giganteus",224.117301188265,105.037715757891,163.797074065361,291.269547760021,89.0757135769837,289.643168161596,11.1547060936412,177.05592315404,152.249650278036,152.554549859909,"Pteropus giganteus","Pteropus giganteus","Chiroptera","Pteropodidae",6.71520155162193,1.99619579307657,5.59708773598524,5.18161499676189,14907.208,395.29,380.145,365,551.085,155.795,NA,-0.00501254182354429,1,364.75,4.21449516335256,4.912948960139,NA,4260.476,NA,NA,"0","2",NA,NA,0,0,100,0,0,0,0,0,0,100,0,0,0,1,"1","1","0","0","0","1",2000,-2.30258509299405,2000,"0","1","0",1,"0","1","0","0","0","1","0","0","0","0","0","0","0","1","0","0","0","0","0","0","0","0","0","0","0","0","0","0","0","0","0","0","0",0.961149030099865,0.961149030099865,0.961149030099865,NA,NA,NA,"1",NA,"0","0","1","0","0","0",-66.8147536655146,1.16317457198412,-16.5392080561756,-37.714274731061,5.29511657375725,4.62567360286977,-2.33000223793157,5.03231744302607,6.22600987699952,0.768578364688933,-7.07660532810987,-7.98806163357339,-7.3058468843312,11.2604910790486,1.158865267869,-1.20485056257047,4.33382503288417,-3.29771107112137,-3.66904737446438,NA,0.081616900042432
"Anoura geoffroyi",146.750521313635,125.581413776191,101.276457827375,234.944839151135,92.9172879858622,260.14732491629,145.527321829475,196.30918763767,165.355899250279,165.499747896936,"Anoura geoffroyi","Anoura geoffroyi","Chiroptera","Phyllostomidae",2.72129542785223,-0.539568092631645,4.29045944114839,3.7532617130432,3650,NA,500.387,NA,630.647,121.76,NA,0,1,365,1.62924053973028,4.13516655674236,2.10900034392138,1963.008,NA,NA,"0","2",NA,NA,30,0,70,30,0,0,0,0,0,30,40,0,0,3,"3","1","0","0","0","1",3600,5.99171451586319,3200,"0","1","0",3,"0","1","0","0","0","1","0","0","0","0","0","0","0","0","0","1","0","1","0","0","1","0","0","1","0","0","0","0","0","0","1","0","0",0.241667209296482,1.30944782062889,1.73727223017016,51.74125703,7.199999993,2.44234703449964,"0",3.09557760842462,"0","0","0","1","1","0",18.583390244215,-47.6376124399471,-19.7408477207661,9.95054657632898,-23.7592005784309,-13.3590195974779,-8.05021524328777,-12.8974470947424,7.07384706700291,-8.87819844332427,0.419201309180044,-7.23263036073768,-5.52270837722899,-3.79577217695017,1.1684110198857,-1.25873248674223,-1.60756247890504,-1.7557361700514,-1.98710064753787,1.6156862745098,0.335526315789474
"Ametrida centurio",158.50008324864,155.689702685427,148.101143348058,267.681881593424,110.412072118406,314.867563889426,116.393160167819,186.47083836573,169.777738366278,169.904589197503,"Ametrida centurio","Ametrida centurio","Chiroptera","Phyllostomidae",2.42524510572993,-1.23787435600162,4.00733318523247,3.36729582998647,6025.173,NA,343.884,NA,475.773,111.907,NA,0,1.91,244.586,NA,3.64139468754219,NA,2037.805,NA,NA,"0","2",NA,NA,0,0,100,0,0,0,0,0,0,100,0,0,0,1,"1","1","0","0","0","1",2100,NA,NA,"0","1","0",1,"0","1","0","0","0","1","0","0","0","0","0","0","0","0","0","1","0","1","0","0","0","0","0","0","0","0","0","0","0","0","0","0","0",0.735529505744634,1.36093240270177,1.60204280129481,NA,NA,NA,NA,NA,"0","0","1","0","1","0",21.5806318855609,-50.2535951704452,-10.9803416250859,12.0024286622004,-10.5860460083277,12.409344310288,-4.44536168475739,15.9699543246691,-1.27240956331483,10.7838604962172,-1.92387297142183,7.76974075788438,6.34622120829494,5.01795438787957,-4.11022626857805,5.2047627722147,4.82364172909528,-2.53876062191302,-2.86339708043634,NA,NA
"Mops condylurus",380.790701477405,233.758002885462,373.557287900212,358.675842378299,363.657474463406,329.364049508234,235.370876652388,316.133990712771,285.864446435125,286.352932111091,"Mops condylurus","Mops condylurus","Chiroptera","Molossidae",3.28053520525493,-0.862749964946125,4.62323601179972,3.85481753165737,3747.588,285.63,285.63,NA,374.27,88.64,NA,0,2,272.133,2.08318452795867,3.91182298542548,NA,1568.45,NA,NA,"1","2",NA,NA,100,0,0,100,0,0,0,0,0,0,0,0,0,1,"3","1","0","0","0","1",NA,-2.30258509299405,NA,NA,NA,NA,1,"1","0","0","0","0","1","0","0","0","0","1","0","0","0","0","0","0","1","1","0","1","0","0","0","0","0","0","0","0","0","1","0","0",0.141140571662993,0.733398404521313,0.892595120078226,60.75957431,9.099999993,NA,"1",NA,NA,NA,NA,NA,"0","1",35.019627633017,6.81127443291347,26.886124585732,-13.5381434339797,5.36874065590464,-18.9861381175285,-16.5133263499283,4.2346721373925,5.03162023091581,9.32221653677911,-1.89472170275292,6.95162041775111,1.22035308596258,-0.90375292284661,2.1037640172791,-8.59836246859084,0.709638275073478,-2.30389024993697,-2.57417044505689,NA,0.603986461075592
