"species","ebov_auc","bomv_auc","bdbv_auc","tafv_auc","restv_auc","sudv_auc","mlav_auc","llov_auc","marv_auc","ravn_auc","dehv_auc","orig_species","tree_match","order","family","adult_mass_g","brain_mass_g","adult_body_length_mm","adult_forearm_length_mm","max_longevity_d","maturity_d","female_maturity_d","female_relative_maturity","male_maturity_d","age_first_reproduction_d","gestation_length_d","teat_number_n","litter_size_n","litters_per_year_n","interbirth_interval_d","neonate_mass_g","weaning_age_d","weaning_mass_g","generation_length_d","relative_age_first_birth","mass_specific_production_rate","dispersal_km","density_n_km2","hibernation_torpor","fossoriality","home_range_km2","social_group_n","dphy_invertebrate","dphy_vertebrate","dphy_plant","det_inv","det_vend","det_vect","det_vfish","det_vunk","det_scav","det_fruit","det_nect","det_seed","det_plantother","det_diet_breadth_n","trophic_level","activity_cycle","freshwater","marine","terrestrial_non.volant","terrestrial_volant","upper_elevation_m","lower_elevation_m","altitude_breadth_m","island_dwelling","disected_by_mountains","glaciation","habitat_breadth_n","foraging_aerial","foraging_arboreal","foraging_ground","foraging_marine","foraging_scansorial","island_mainland","island_marine","island_landbridge","island_endemic","bio_palearctic","bio_afrotropical","bio_antarctic","bio_australasian","bio_indomalayan","bio_nearctic","bio_neotropical","bio_oceanian","iucn_forest","iucn_savanna","iucn_shrubland","iucn_grassland","iucn_wetlands","iucn_rocky","iucn_caves","iucn_desert","iucn_marineneritic","iucn_marineoceanic","iucn_marinedeep","iucn_marineintertidal","iucn_marinecoastal","iucn_artificialterr","iucn_artificialaquatic","iucn_introducedveg","min_aridity_index","mean_aridity_index","perc80_aridity_index","relative_wing_loading","aspect_ratio","median_aggregation_size","migration","mixed_species_association_n","cave_roost","cavity_roost","foliage_roost","generalist_roost","iucn_moistforest","iucn_moistsavanna","pco_1","pco_2","pco_3","pco_4","pco_5","pco_6","pco_7","pco_8","pco_9","pco_10","pco_11","pco_12","pco_13","pco_14","pco_15","pco_16","pco_17"
"Pteronotus quadridens",178.7738235,142.9296193,163.4866057,269.1600423,78.11354563,219.4842306,241.1782749,215.2758788,176.5469853,176.1676956,192.9974964,"Pteronotus quadridens","Pteronotus quadridens","Chiroptera","Mormoopidae",5.27,0.275,62.345,37.5,5087.123,NA,374.509,0.073619018,NA,481.13,156.43,NA,1.21,1,355.767,2.14,68.71,NA,1893.147,0.094578016,0.491347249,NA,NA,0,2,NA,NA,100,0,0,100,0,0,0,0,0,0,0,0,0,1,3,1,0,0,0,1,NA,NA,NA,1,1,0,1,1,0,0,0,0,0,0,0,1,0,0,0,0,0,0,1,0,0,0,0,0,0,0,1,0,0,0,0,0,0,0,0,0,0.692378549,1.189494757,1.249722093,32.692984,6.919999993,71000.00005,NA,9.000000001,0,0,0,1,0,0,-5.119589562,-34.79696617,-25.24758433,-11.69608659,-16.78731276,-26.87236068,10.81666916,-19.27933903,-12.1302261,-4.432360667,4.173228712,-0.777484626,19.28987874,17.74060097,1.270791828,-2.48634036,12.55569022
"Scotoecus albofuscus",233.0062592,152.6679734,173.4712344,281.1290523,285.132672,316.6616453,171.3069965,322.9873233,244.8444321,245.0109379,235.1939895,"Scotoecus albofuscus","Scotoecus albofuscus","Chiroptera","Vespertilionidae",4.5,0.142,57.517,29.49,2889.66,NA,298.876,0.103429469,NA,385.475,81.125,NA,1.751,1.107,354.351,NA,48.965,NA,1625.999,0.133398047,NA,NA,NA,1,2,NA,NA,100,0,0,100,0,0,0,0,0,0,0,0,0,1,3,1,0,0,0,1,NA,NA,NA,NA,NA,NA,2,1,0,0,0,0,1,0,0,0,0,1,0,0,0,0,0,0,1,1,0,0,0,0,0,0,0,0,0,0,0,0,0,0,0.06152724,0.364497131,0.366414852,0.00559993,5.300119048,NA,NA,NA,NA,NA,NA,NA,0,0,35.23348992,25.7192249,1.716767348,-3.370289345,-11.68061787,12.42529799,13.29505982,-14.0956192,14.84431023,9.902265796,-3.414009039,7.362425682,1.753134534,0.180051736,14.67380527,3.042879525,0.231870453
"Rhinophylla pumilio",158.2627113,128.8571267,210.00434,245.4598694,116.3062627,313.1714706,135.9285826,218.1216882,169.7777384,169.9045892,156.1589401,"Rhinophylla pumilio","Rhinophylla pumilio","Chiroptera","Phyllostomidae",9.54,0.356,62.901,33.5,5265.811,NA,481.85,0.091505373,NA,594.784,117.77,NA,0.99,1,334.091,NA,64.245,NA,2105.671,0.112952022,NA,NA,NA,0,2,NA,NA,10,0,90,10,0,0,0,0,0,90,0,0,0,1,2,1,0,0,0,1,1400,NA,NA,0,1,0,1,0,1,0,0,0,1,0,0,0,0,0,0,0,0,0,1,0,1,0,0,0,0,0,0,0,0,0,0,0,0,0,0,0,0.873374042,1.783964215,2.360884706,38.8553,6.208499993,NA,NA,NA,0,0,0,1,1,0,20.36220542,-50.2736824,-16.16003946,12.83019235,-19.2671914,3.556030785,-8.85083356,5.699279536,6.528373722,3.694041571,-3.865763955,2.182330151,-3.196144661,-3.398206086,-2.300489578,2.839041314,-7.045570693
"Gardnerycteris crenulata",150.6638073,123.0801975,221.0624338,251.0708828,123.0539623,369.2742924,161.8521711,193.0375939,186.8200533,186.8156113,174.251099,"Mimon crenulatum","Mimon crenulatum","Chiroptera","Phyllostomidae",13.91,0.34,75,48.84,7300,547.875,547.875,0.07505137,547.875,724.921,144.393,NA,0.995,1,365.101,NA,273.96,NA,2443.84,0.099304247,NA,NA,NA,0,2,NA,NA,50,0,50,50,0,0,0,0,0,50,0,0,0,2,3,1,0,0,0,1,NA,NA,NA,0,1,0,3,0,0,0,0,1,1,0,0,0,0,0,0,0,0,0,1,0,1,1,0,0,0,0,0,0,0,0,0,0,0,1,0,0,0.580831258,1.834446695,2.230919003,NA,NA,NA,NA,NA,NA,NA,NA,NA,1,0,19.61584392,-49.46340861,-18.07119833,11.91252696,-21.93158567,-5.106554736,-9.473508999,-4.86787572,8.284809545,-5.01988132,-1.830757054,-5.633719532,-7.938226559,-5.389072077,1.334448678,-3.465903876,-5.472100831
"Artibeus jamaicensis",161.3983338,175.6215215,156.4449047,262.8573384,109.295673,289.2798269,150.73452,179.4843696,169.7777384,169.9045892,156.1589401,"Artibeus jamaicensis","Artibeus jamaicensis","Chiroptera","Phyllostomidae",46.1,0.93,93,60.34,7014.083,333.22,288.37,0.041113001,365.28,440.57,106.54,NA,1,2,219.849,8.9,15,33.79,1920.478,0.062812202,0.386117137,NA,NA,0,2,NA,NA,10,0,90,10,0,0,0,0,0,80,10,0,0,1,2,1,0,0,0,1,NA,NA,NA,0,1,0,4,0,1,0,0,0,1,0,0,0,0,0,0,0,0,0,1,0,1,0,0,1,0,1,1,0,0,0,0,0,0,1,0,0,0.171016303,1.184676792,1.519199884,45.9983375,6.4,1,0,NA,0,0,0,1,1,0,21.01507064,-50.19136021,-13.35713265,12.7144585,-14.52042535,10.36566954,-6.651553185,14.40939896,2.039329487,10.782044,-3.620691912,8.281882072,4.266215995,2.912518412,-5.219375944,7.819350478,0.235050271
"Diaemus youngi",155.2059948,136.827407,145.8755986,272.9612362,114.3490032,291.8928896,184.333495,208.1039368,170.1634317,170.2911759,156.5907477,"Diaemus youngi","Diaemus youngi","Chiroptera","Phyllostomidae",36.6,0.97,115,50.78,7300,NA,585.355,0.080185616,NA,740.942,258.74,NA,1,1.101,357.649,NA,212.258,NA,2495.806,0.101498904,NA,NA,NA,0,2,NA,NA,0,100,0,0,100,0,0,0,0,0,0,0,0,1,3,1,0,0,0,1,NA,NA,NA,0,1,0,3,0,0,1,0,0,1,0,0,0,0,0,0,0,0,0,1,0,1,0,0,1,0,0,1,0,0,0,0,0,0,1,0,0,0.562101911,1.203787506,1.569461844,52.04264724,8.500000006,30.00000002,0,9.000000001,0,0,0,1,1,0,16.71597192,-44.44183942,-20.08233749,6.372833361,-22.44963457,-18.46517296,-3.475387582,-17.61031629,1.745357086,-9.657658333,3.072934564,-5.814483515,1.644754338,3.160021491,2.374926073,-0.23170723,7.036539136
"Glossophaga leachii",160.0586385,127.2576214,144.3286287,210.3433813,158.1332264,387.5498707,206.0768819,176.3227133,192.3474504,192.3419173,182.0618171,"Glossophaga leachii","Glossophaga leachii","Chiroptera","Phyllostomidae",10.7,0.477,59,35.71,4015,NA,268.763,0.066939726,NA,383.259,107.255,NA,1,2,228.318,0.38,46.65,NA,1637.825,0.095456787,0.071028037,NA,NA,0,2,NA,NA,40,0,60,40,0,0,0,0,0,30,30,0,0,3,2,1,0,0,0,1,2400,NA,NA,0,1,0,2,0,1,0,0,0,1,0,0,0,0,0,0,0,0,0,1,0,1,0,0,1,0,0,1,0,0,0,0,0,0,1,0,0,0.329681142,1.483096532,2.050839259,NA,NA,NA,NA,3.999999999,1,0,0,0,0,0,19.13450259,-48.51220747,-18.80875875,11.17396752,-22.82629478,-8.950573897,-9.317525215,-8.764950074,8.332754176,-7.285302152,-1.008375161,-7.175134658,-7.529163888,-4.624882846,1.379335799,-3.187056854,-3.584838818
"Stenoderma rufum",136.1607445,129.2894098,119.8175109,251.3926781,75.87433058,252.3492965,59.64346574,149.5247249,169.7777384,169.9045892,156.1589401,"Stenoderma rufum","Stenoderma rufum","Chiroptera","Phyllostomidae",21.1,0.642,61.87,49.37,5842.66,NA,416.664,0.071314093,NA,538.064,116.847,NA,0.995,1.762,247.171,7,53.898,NA,2126.518,0.0920923,0.581627014,NA,NA,0,2,NA,NA,0,0,100,0,0,0,0,0,0,100,0,0,0,1,1,1,0,0,0,1,NA,NA,NA,1,0,0,1,0,1,0,0,0,0,0,0,1,0,0,0,0,0,0,1,0,1,0,0,0,0,0,0,0,0,0,0,0,0,0,0,0,0.78218486,1.700022075,1.99156175,64.66010919,5.900000005,NA,NA,NA,0,0,1,0,0,0,21.49746903,-50.18830571,-11.26400721,12.1104925,-10.96301613,12.32175543,-4.661572637,15.96171548,-0.891546563,11.05524135,-2.183842851,8.083282583,6.386200485,5.055340946,-4.385885128,5.976011468,4.505426168
"Phylloderma stenops",103.1781393,61.65125628,136.1988135,253.5759175,96.05590434,404.6727831,18.83642574,167.8382639,164.6488877,164.8623358,146.8113434,"Phylloderma stenops","Phylloderma stenops","Chiroptera","Phyllostomidae",55.82,1.338,115,71.9,5210.252,NA,383.678,0.073639049,NA,504.284,122.526,NA,0.98,1.689,242.29,NA,80.65,NA,2026.325,0.096786873,NA,NA,NA,0,2,NA,NA,10,0,90,10,0,0,0,0,0,20,10,60,0,2,2,1,0,0,0,1,2600,NA,NA,0,1,0,3,0,1,0,0,0,1,0,0,0,0,0,0,0,0,0,1,0,1,1,0,0,1,0,0,0,0,0,0,0,0,0,0,0,0.515407643,1.852230965,2.545315488,30.4258,6.228000001,NA,NA,NA,NA,NA,NA,NA,1,1,19.65942166,-49.54263007,-17.99604102,11.98204531,-21.83184603,-4.725862966,-9.473646579,-4.473927955,8.262658544,-4.772197793,-1.905848931,-5.444656498,-7.932327397,-5.487309196,1.313364152,-3.424035759,-5.694940841
"Glossophaga soricina",157.0747425,122.744212,189.7607129,258.0783889,182.1270868,326.6318474,122.1669171,179.8979844,170.1765095,170.3042537,156.582352,"Glossophaga soricina","Glossophaga soricina","Chiroptera","Phyllostomidae",10.25,0.39,53.995,35.7,4015,NA,274.371,0.068336488,NA,390.925,107.255,NA,1,2,243.993,NA,46.65,NA,1670.54,0.097366127,NA,NA,NA,0,2,NA,NA,40,0,60,40,0,0,0,0,0,30,30,0,0,3,1,1,0,0,0,1,NA,NA,NA,0,1,0,4,0,1,0,0,0,1,0,0,0,0,0,0,0,0,0,1,0,1,1,0,1,0,0,1,0,0,0,0,0,0,1,0,0,0.003347875,1.330129605,1.987272435,47.79920543,6.4,1000,0,29.99999999,0,0,0,1,1,0,19.06090315,-48.31589148,-18.88958769,11.00706301,-22.98211374,-9.644579585,-9.24716322,-9.45297563,8.295421467,-7.619612328,-0.857673081,-7.31247727,-7.293504949,-4.458910172,1.304627971,-2.848608643,-3.22432496
"Sturnira luisi",149.9880585,163.6408791,154.5372387,246.8495564,135.2862349,377.065081,178.0459859,146.882099,186.3755881,186.4228782,172.1646127,"Sturnira luisi","Sturnira luisi","Chiroptera","Phyllostomidae",11.99,0.582,74,43,5508.243,NA,458.975,0.083325118,NA,575.809,119.232,NA,0.99,1.588,249.475,NA,73.242,NA,2141.067,0.104535875,NA,NA,NA,0,2,NA,NA,0,0,100,0,0,0,0,0,0,100,0,0,0,1,1,1,0,0,0,1,1930,40,1890,0,1,0,1,0,1,0,0,0,1,0,0,0,0,0,0,0,0,0,1,0,1,0,0,0,0,0,0,0,0,0,0,0,0,0,0,0,0.278874979,1.355936663,2.314735607,NA,NA,NA,NA,NA,NA,NA,NA,NA,1,0,20.72001096,-50.35695048,-14.49973734,12.84766951,-16.22870308,8.508939801,-7.475981758,12.40881956,3.443130914,9.273840504,-4.099640289,7.356559538,2.207187689,1.311606943,-4.897500518,7.328711235,-2.009426012
"Mormoops megalophylla",140.2418745,154.6488989,144.3081896,268.8729373,190.6984431,374.1225371,102.7422229,170.9044159,201.9018852,201.9310565,185.2462003,"Mormoops megalophylla","Mormoops megalophylla","Chiroptera","Mormoopidae",16.045,0.42,71.37,54.99,2728.027,NA,343.295,0.12584003,NA,404.86,103.244,NA,1,1,352.592,0.91,60.063,NA,1423.5,0.148407622,0.056715488,NA,NA,0,2,NA,NA,100,0,0,100,0,0,0,0,0,0,0,0,0,1,3,1,0,0,0,1,3000,NA,NA,0,1,0,2,1,0,0,0,0,1,0,0,0,0,0,0,0,0,1,1,0,1,0,0,0,0,0,1,0,0,0,0,0,0,0,0,0,0.072622626,0.733160025,0.952071869,43.5580453,7.100000005,499999.9996,1,7,1,0,0,0,1,0,10.05663033,-40.73701062,-22.0758306,-0.975767649,-19.71473591,-22.25769392,2.207143058,-19.39193778,-4.109959069,-8.094036215,3.046106981,-4.761358218,9.879601677,11.93992515,2.612809748,-1.739019122,12.1976119
"Sturnira lilium",189.4312969,168.690088,197.2707323,271.2910937,135.3961684,376.0539648,161.1058027,191.8081133,186.3755881,186.4228782,172.1646127,"Sturnira lilium","Sturnira lilium","Chiroptera","Phyllostomidae",20,0.52,65.96,40.5,7300,289.18,289.18,0.039613699,289.18,404.045,114.865,NA,1,2,233.937,5.225,87.5,NA,1905.642,0.05534863,0.5225,NA,NA,0,2,NA,NA,0,0,100,0,0,0,0,0,0,100,0,0,0,1,1,1,0,0,0,1,1600,NA,NA,0,1,0,1,0,1,0,0,0,1,0,0,0,0,0,0,0,0,0,1,0,1,0,0,0,0,0,0,0,0,0,0,0,0,0,0,0,0.149646178,1.313354198,1.67077458,49.46857623,6.500000005,NA,0,NA,0,0,0,1,1,0,20.75878425,-50.33671476,-14.24816149,12.78897208,-15.74863076,9.029567864,-7.20806666,13.08327394,2.971290676,9.77264518,-4.020252451,7.824159404,2.734663549,1.786753483,-5.062653047,7.613917395,-1.308731116
"Artibeus concolor",36.64853305,120.6251353,107.1391585,183.9413926,81.05551439,193.1738307,68.40510497,188.9271269,169.7777384,169.9045892,156.1589401,"Artibeus concolor","Artibeus concolor","Chiroptera","Phyllostomidae",19.675,0.633,71.683,47.34,5840.654,NA,352.735,0.060393066,NA,481.318,114.131,NA,0.989,1.89,238.343,NA,45.85,NA,2064.512,0.082408237,NA,NA,NA,0,2,NA,NA,10,0,90,10,0,0,0,0,0,80,10,0,0,1,1,1,0,0,0,1,1000,NA,NA,0,0,0,1,0,1,0,0,0,1,0,0,0,0,0,0,0,0,0,1,0,1,0,0,0,0,0,0,0,0,0,0,0,0,0,0,0,0.918242582,1.700029478,2.019956039,35.7805,6.46,NA,NA,NA,NA,NA,NA,NA,1,0,20.90763705,-50.23872185,-13.87085603,12.85678535,-15.31147469,9.676853701,-7.078253182,13.55823751,2.825509427,10.2437932,-3.868052519,7.870513302,3.458377616,2.192585075,-5.145526486,7.708066682,-0.832720417
"Phyllostomus elongatus",222.0272666,194.8174647,227.4850789,296.0403189,203.3595324,394.7487063,152.4034031,240.6551111,192.8486102,192.8473088,177.2913052,"Phyllostomus elongatus","Phyllostomus elongatus","Chiroptera","Phyllostomidae",35.6,0.885,88.493,66,5214.054,NA,387.145,0.074250286,NA,501.504,121.66,NA,0.985,1.709,247.47,NA,85.836,NA,2043.283,0.096183124,NA,NA,NA,0,2,NA,NA,70,10,20,70,0,10,0,0,0,10,10,0,0,1,2,1,0,0,0,1,NA,NA,NA,0,1,0,2,0,0,0,0,1,1,0,0,0,0,0,0,0,0,0,1,0,1,0,0,0,0,0,1,0,0,0,0,0,0,0,0,0,0.541748155,1.857565705,2.5502591,34.0339,6.607999995,NA,NA,NA,0,0,0,1,1,0,19.73854793,-49.65188343,-17.81470118,12.02228418,-21.63579271,-3.962343749,-9.44261689,-3.558458051,8.215169549,-4.06517919,-2.135816219,-4.833417371,-7.968484616,-5.6118409,1.08971835,-2.919976782,-6.183680988
"Molossus rufus",312.6448512,236.3974253,351.5595773,339.996141,388.8705184,293.9297807,346.9046543,332.3732564,309.3105945,309.7066226,307.8148818,"Molossus rufus","Molossus rufus","Chiroptera","Molossidae",25,0.493,93.5,NA,3191.61,NA,322.946,0.101185922,NA,386.512,91.509,NA,1.011,1.145,349.301,NA,52.75,NA,1498.731,0.121102516,NA,NA,NA,1,2,NA,NA,100,0,0,100,0,0,0,0,0,0,0,0,0,1,3,1,0,0,0,1,NA,NA,NA,NA,NA,NA,2,1,0,0,0,0,1,0,0,0,0,0,0,0,0,0,1,0,1,0,1,1,0,0,0,0,0,0,0,0,0,1,0,0,0.241667209,1.128859238,1.517693164,76.51745,11.1,265,NA,NA,0,0,0,1,1,0,31.80137986,-14.41470562,28.9704715,-9.273224923,30.24199716,-14.10590877,-5.913691406,-7.86971513,9.604438736,2.258900338,-4.620010928,4.863273101,0.130098288,0.422858001,-8.054065862,-0.554061333,0.727721115
"Erophylla bombifrons",130.2734414,145.9913934,142.2520788,268.9045604,106.0173798,397.7758526,112.9985552,184.7934484,175.4922241,175.5765391,161.6632007,"Erophylla bombifrons","Erophylla bombifrons","Chiroptera","Phyllostomidae",16.1,0.576,75.149,47.11,4540.443,NA,499.464,0.110003363,NA,634.855,136.98,NA,1,1,345.228,4.5,60.88,NA,2118.557,0.13982226,0.279503106,NA,NA,0,2,NA,NA,40,0,60,40,0,0,0,0,0,30,30,0,0,3,2,1,0,0,0,1,NA,NA,NA,1,1,0,1,0,1,0,0,0,0,0,0,1,0,0,0,0,0,0,1,0,0,0,0,0,0,0,1,0,0,0,0,0,0,0,0,0,0.531798649,1.084059433,1.364391013,37.74412858,6.230000005,NA,NA,NA,NA,NA,NA,NA,0,0,18.82773313,-47.99002433,-19.35113072,10.57973558,-23.43209589,-11.56916246,-8.715361124,-11.24205145,7.69289858,-8.258813908,-0.187952064,-7.232083791,-6.132493813,-4.180646374,1.158181111,-2.09166192,-2.452786178
"Macrotus waterhousii",173.8301641,143.4407549,151.1825949,285.9676835,124.8511653,269.9092756,121.0075306,179.790128,170.1634317,170.2911759,156.5907477,"Macrotus waterhousii","Macrotus waterhousii","Chiroptera","Phyllostomidae",16.135,8.643,62.68,51.64,3802.083,91.32,91.32,0.024018413,NA,334.84,243.52,NA,1,1.895,226.195,0.59,30.44,NA,1529.276,0.088067515,0.069293461,NA,NA,0,2,NA,NA,50,0,50,50,0,0,0,0,0,50,0,0,0,2,2,1,0,0,0,1,1400,NA,NA,0,1,0,2,0,0,0,0,1,1,0,0,0,0,0,0,0,0,0,1,0,1,0,0,1,0,0,1,0,0,0,0,0,0,1,0,0,0.117401943,0.732316262,1.035597037,34.46791329,8.999999991,300.0000002,NA,4.999999999,0,0,0,1,0,0,12.5300155,-41.82097609,-21.2926449,1.438614666,-20.53112912,-21.11516993,0.391397007,-19.04911247,-2.199066884,-8.770388766,3.145534875,-5.19632751,7.025742192,9.442133176,2.762242782,-1.212825881,11.06068674
"Pipistrellus coromandra",37.42920846,33.05723074,10.38733397,42.98916249,11.10785955,34.42934793,12.74584843,50.01181634,66.37021628,66.36884593,63.53701028,"Pipistrellus coromandra","Pipistrellus coromandra","Chiroptera","Vespertilionidae",4.59,0.105,55.195,30.5,1282.492,NA,215.601,0.16811099,NA,316.06,80.334,NA,1.4,1.536,322.176,NA,45.086,NA,1361.772,0.246442083,NA,NA,NA,1,2,NA,NA,100,0,0,100,0,0,0,0,0,0,0,0,0,1,3,1,0,0,0,1,2769,100,2669,NA,NA,NA,3,1,0,0,0,0,1,0,0,0,0,0,0,0,1,0,0,0,1,0,0,1,0,0,1,0,0,0,0,0,0,1,0,0,0.404647928,1.503996807,1.558638004,NA,NA,NA,0,NA,NA,NA,NA,NA,1,0,32.99513642,34.86424741,-25.29721405,11.32676717,7.125136155,1.343808704,2.619006548,-3.69980625,5.871952809,13.50452199,9.612496681,-7.822981603,1.040136326,-0.03227204,1.421923219,0.011968192,0.864889455
"Scotophilus viridis",267.2238136,172.2090814,264.5712998,362.0517237,275.2098863,325.2197541,247.9011449,251.5782881,233.3403941,233.3511129,225.3761275,"Scotophilus viridis nigritellus","Scotophilus viridis","Chiroptera","Vespertilionidae",19.415,0.593,97.283,NA,6099.418,NA,529.331,0.086783854,NA,662.808,185.3,NA,2,1,358.85,NA,65.129,NA,2241.684,0.108667417,NA,NA,NA,1,2,NA,NA,100,0,0,100,0,0,0,0,0,0,0,0,0,1,3,1,0,0,0,1,NA,0,NA,0,0,0,1,1,0,0,0,0,1,0,0,0,0,1,0,0,0,0,0,0,1,1,0,1,0,0,0,0,0,0,0,0,0,1,0,0,0.385486212,0.679985836,1.12282783,53.63772991,5.9,NA,NA,NA,0,1,0,0,0,1,36.49861865,24.65009273,8.960065389,-7.49977273,-15.8939657,13.14908612,13.70680446,-13.11098287,11.84343591,4.908041862,-5.308651679,8.038618847,1.19304122,0.124717942,7.171623028,1.06761559,-0.641194072
"Nycteris hispida",266.4436181,178.1613806,261.0036715,360.7194098,249.3016168,376.7944653,278.9652641,299.0273045,274.8208155,274.8802662,270.8331653,"Nycteris hispida","Nycteris hispida","Chiroptera","Nycteridae",7.98,0.284,69.986,38.99,3978.116,NA,364.79,0.091699186,NA,416.679,91.24,NA,0.995,1.5,283.56,NA,61.013,NA,1609.226,0.104742798,NA,NA,NA,0,2,NA,NA,80,20,0,80,10,10,0,0,0,0,0,0,0,1,3,1,0,0,0,1,NA,0,NA,0,1,0,2,1,0,0,0,0,1,0,0,0,0,1,0,0,0,0,0,0,1,1,0,0,0,0,0,0,0,0,0,0,0,0,0,0,0.123971819,0.60896718,0.793889259,27,4.799999996,10.5,NA,0,NA,NA,NA,NA,1,1,23.5548143,-46.67373149,4.415023932,5.889568096,21.40905185,12.88385962,10.02172218,3.457836614,-7.145424825,-1.335484293,2.826978035,-0.964958771,-1.232320905,-2.350315446,3.213139287,-14.09239657,-0.2594945
"Taphozous longimanus",202.787216,107.749493,185.9847138,317.3948327,190.9704724,398.8040044,205.9082627,208.9787858,194.7931177,194.8344754,179.6777738,"Taphozous longimanes","Taphozous longimanus","Chiroptera","Emballonuridae",25.11,0.47,81.308,58.49,2894.502,169.16,169.16,0.058441832,NA,425.83,107.22,NA,0.99,2,248.124,5.52,22.13,12,1227.488,0.147116844,0.435268817,NA,NA,0,2,NA,NA,100,0,0,100,0,0,0,0,0,0,0,0,0,1,3,2,0,0,0,1,1200,0,1200,1,1,0,4,1,0,0,0,0,1,0,0,0,0,0,0,0,1,0,0,0,1,1,0,1,0,1,1,0,0,0,0,0,0,1,0,0,1.007626076,1.007626076,1.007626076,58.47949759,9.800000007,11,NA,NA,0,0,0,1,1,0,24.71018205,-43.41314417,7.761669534,3.978774186,26.15299505,12.13049367,12.78313904,-0.042979562,-8.146472367,-3.659831627,4.266167322,-3.678885712,-0.970137361,-1.51826245,6.275575489,-4.620444193,-1.669635631
"Rhinolophus shortridgei",183.1467253,100.0279155,144.928039,285.9782465,194.504674,388.8625261,153.1806908,208.9787858,194.7931177,194.8344754,179.6777738,"Rhinolophus shortridgei","Rhinolophus shortridgei","Chiroptera","Rhinolophidae",5.46,0.219,57.785,NA,5340.336,NA,605.92,0.113461026,NA,710.308,101.312,NA,1,1.011,364.249,NA,56.222,NA,2220.355,0.13300811,NA,NA,NA,1,2,NA,NA,100,0,0,NA,NA,NA,NA,NA,NA,NA,NA,NA,NA,1,3,1,0,0,0,1,NA,NA,NA,NA,NA,NA,1,1,0,0,0,0,1,0,0,0,1,0,0,0,1,0,0,0,1,0,0,0,0,0,0,0,0,0,0,0,0,0,0,0,NA,NA,NA,NA,NA,NA,NA,NA,NA,NA,NA,NA,0,0,-70.09390723,9.201457099,19.79635906,33.85975203,-4.521101027,-8.729179186,9.79896613,2.168767029,-4.01589965,6.084959921,-12.14380019,-7.27633327,-0.18754248,-5.289864337,0.240326174,0.645589106,8.554370652
"Rhinolophus sinicus",117.7974547,68.63057595,101.0045679,211.4104016,130.9593012,269.003284,81.28215801,163.5212033,139.6713003,140.0044822,124.7159135,"Rhinolophus sinicus","Rhinolophus sinicus","Chiroptera","Rhinolophidae",10.255,0.281,64.511,NA,1825,451.11,451.11,0.247183562,NA,574.65,123.54,NA,0.99,1,349.809,2.86,59.42,11,1314.039,0.314876712,0.276099464,NA,NA,1,2,NA,NA,100,0,0,NA,NA,NA,NA,NA,NA,NA,NA,NA,NA,1,3,1,0,0,0,1,2769,500,2269,NA,NA,NA,2,1,0,0,0,0,1,0,0,0,0,0,0,0,1,0,0,0,1,0,0,0,0,0,1,0,0,0,0,0,0,0,0,0,0.872143312,1.511956492,1.877180085,36.96807127,5.319999996,NA,NA,2,1,0,0,0,1,0,-70.04936585,9.193400515,19.7966598,33.87991421,-4.530014628,-8.819370706,9.935855572,2.333775658,-3.818105884,5.934041869,-11.96538663,-7.205050922,-0.112529669,-5.294765651,0.249790256,0.646253118,8.82097285
"Nyctinomops macrotis",379.4981465,278.6796981,377.1451112,359.0524393,334.2158197,273.8621493,263.5868437,332.684799,309.6782166,310.1062677,307.473935,"Nyctinomops macrotis","Nyctinomops macrotis","Chiroptera","Molossidae",23,0.498,86.111,60.99,2767.379,106.54,106.54,0.038498522,106.54,182.64,76.1,NA,0.995,1,324.898,4.94,76.1,NA,1199.943,0.065997465,0.213708696,NA,NA,1,2,NA,NA,100,0,0,100,0,0,0,0,0,0,0,0,0,1,3,1,0,0,0,1,2600,0,2600,0,1,0,1,1,0,0,0,0,1,0,0,0,0,0,0,0,0,1,1,0,1,0,0,1,0,0,0,0,0,0,0,0,0,1,0,0,0.077003919,0.448925054,0.714100866,45.1,9.160000007,75.50000006,1,NA,0,0,0,1,1,0,31.63447595,-15.60074834,28.20769927,-8.507800798,31.67086433,-12.63759032,-4.510081703,-8.193742266,8.992602086,1.055172394,-4.465778292,3.928190091,0.084082871,0.896431638,-7.693825387,3.967057001,0.627505372
"Myotis brandtii",253.6366339,105.8690962,194.9850186,307.3260744,233.4909949,340.1700502,177.1006144,231.7641284,208.0485299,208.0492244,197.126293,"Myotis brandtii","Myotis brandtii","Chiroptera","Vespertilionidae",7,8.583,145.188,34.99,14965,NA,652.842,0.043624591,NA,769.256,158.707,NA,1.119,1.005,374.189,NA,121.456,NA,3320.725,0.051403675,NA,NA,NA,1,2,NA,NA,100,0,0,100,0,0,0,0,0,0,0,0,0,1,3,1,0,0,0,1,NA,NA,NA,0,1,1,NA,1,0,0,0,0,1,0,0,0,0,0,0,0,0,0,0,0,1,0,1,1,1,0,1,0,0,0,0,0,0,1,1,0,0.42026443,1.460812418,1.728753233,NA,NA,NA,1,NA,0,0,0,1,0,0,37.91084769,19.10884323,21.52916152,-13.87945166,-19.11407022,8.367080025,5.665384418,1.568538839,-6.026235381,-7.237411316,0.117630262,-2.835339593,-1.104917326,0.327099685,-8.017945591,-1.175471284,1.043859611
"Natalus stramineus",311.2933534,266.7726721,252.4123508,325.2164403,300.1860774,342.8616391,250.1331661,297.7906984,274.7500206,274.8440615,267.9421679,"Natalus stramineus","Natalus stramineus","Chiroptera","Natalidae",4.7,10.955,46,38.86,7300,NA,503.722,0.069003014,NA,651.092,244.85,NA,1,1,354.944,1.83,50.53,4.14,2193.498,0.089190685,0.389361702,NA,NA,0,2,NA,NA,100,0,0,100,0,0,0,0,0,0,0,0,0,1,3,1,0,0,0,1,473,0,473,0,0,0,2,1,0,0,0,0,0,0,0,1,0,0,0,0,0,0,1,0,1,0,0,0,0,0,1,0,0,0,0,0,0,0,0,0,0.16917914,1.029195142,1.396108825,23.49864821,5.569999998,300.0000002,1,NA,1,0,0,0,1,0,26.98572127,-33.72778984,14.20836402,1.256835146,31.39987764,7.094926588,9.943725577,-6.415305953,-2.842869693,-7.991120166,2.173279082,-8.272504501,-1.146246761,1.065702101,4.416200388,12.17640225,-0.472886611
"Myotis bocagii",204.9125963,90.52676029,137.327928,245.980047,186.6453761,249.0707192,139.5474192,231.7641284,208.0485299,208.0492244,197.126293,"Myotis bocagii","Myotis bocagii","Chiroptera","Vespertilionidae",7.93,0.21,58.932,38,7141.368,NA,477.565,0.066873042,NA,575.62,76.635,NA,0.99,1.004,364.533,NA,56.645,NA,2185.195,0.080603604,NA,NA,NA,1,2,NA,NA,100,0,0,100,0,0,0,0,0,0,0,0,0,1,3,1,0,0,0,1,NA,0,NA,0,1,0,2,1,0,0,0,0,1,0,0,0,0,1,0,0,0,0,0,0,1,1,0,0,0,0,0,0,0,0,0,0,0,0,0,0,0.372627373,1.01313282,1.210339535,32,8.500000006,NA,NA,NA,NA,NA,NA,NA,1,1,38.01905965,19.9527556,20.48760782,-13.33078651,-19.43709052,9.893402967,7.487393112,-0.858923063,-3.71015521,-6.635510044,-1.182568367,-1.094680412,-0.906876745,0.080998835,-8.617774371,-3.014017277,0.91378285
"Hipposideros jonesi",233.1772199,188.0640471,172.188831,313.6591209,223.2436002,377.8420921,304.4366602,255.2393649,239.5247322,239.5531846,233.1296538,"Hipposideros jonesi","Hipposideros jonesi","Chiroptera","Hipposideridae",5.49,0.228,55.711,49.5,5771.166,NA,602.91,0.104469357,NA,712.313,99.97,NA,1.017,1.008,364.478,NA,61.85,NA,2281.28,0.123426185,NA,NA,NA,1,2,NA,NA,100,0,0,100,0,0,0,0,0,0,0,0,0,1,3,1,0,0,0,1,1400,0,1400,0,0,0,5,1,0,0,0,0,1,0,0,0,0,1,0,0,0,0,0,0,1,1,0,1,0,1,1,0,0,0,0,0,0,0,0,0,0.616086624,0.785394392,0.878527098,NA,NA,NA,NA,NA,NA,NA,NA,NA,1,1,-73.81026478,9.168863329,13.68124549,19.03557123,-0.76016176,9.47823994,-13.89274071,-10.65738208,-4.708061563,-1.943629247,12.17174904,9.037375036,-4.743198128,7.558321177,-0.223742721,-0.231963601,-0.592096402
"Rhinolophus hipposideros",103.597296,53.7454011,70.56752155,189.1782763,54.53155979,240.0110346,40.00887429,201.3982439,139.6713003,140.0044822,124.7159135,"Rhinolophus hipposideros","Rhinolophus hipposideros","Chiroptera","Rhinolophidae",4.585,0.25,39.995,37.49,7738,447.26,473.63,0.061208323,471,501.87,71.255,NA,1,1,364.75,2.1,34.1,NA,2589.763,0.064857844,0.458015267,NA,NA,1,2,NA,NA,100,0,0,100,0,0,0,0,0,0,0,0,0,1,3,1,0,0,0,1,2000,0,2000,0,1,0,5,1,0,0,0,0,1,0,0,0,1,1,0,0,0,0,0,0,1,0,1,1,0,0,1,0,0,0,0,0,0,1,0,0,0.010938584,1.50067371,2.072976209,37.47618532,5.700000004,25.49999997,0,NA,0,0,0,1,0,0,-66.44336825,9.204841029,18.99936255,32.9158828,-4.735195775,-19.29871136,27.23403464,26.88542267,26.01579987,-14.57985193,13.08060759,3.613791355,2.568361565,2.012984994,0.403976444,-0.627992356,1.47843012
"Pteropus alecto",221.9131955,81.40707664,144.9598713,277.9474301,87.28473115,222.0545477,17.28749221,201.1624552,152.2496503,152.5545499,134.9680008,"Pteropus alecto","Pteropus alecto","Chiroptera","Pteropodidae",641.115,7.04,254.6,165.99,7190.5,NA,586.111,0.081511856,NA,751.93,162.162,NA,1.1,1,362.748,NA,89.17,NA,2592.524,0.1045727,NA,NA,NA,0,2,NA,NA,0,0,100,0,0,0,0,0,0,100,0,0,0,1,1,1,0,0,0,1,1000,0,1000,0,1,0,2,0,1,0,0,0,1,0,0,0,0,0,0,1,1,0,0,0,1,0,0,1,0,0,0,0,0,0,0,0,0,1,0,0,0.026198272,0.86654542,1.07576872,NA,NA,NA,1,NA,0,0,1,0,1,0,-63.9411414,-1.894945361,-19.6818828,-39.9395717,3.707703712,0.00698744,2.793563322,4.927281917,2.418711826,3.205312462,-2.928968774,-1.8265163,-16.83405619,5.815400485,0.433078375,0.276873676,4.763381757
"Molossops temminckii",343.5371379,238.8251426,351.993579,292.103315,381.8357529,338.5574179,321.3424907,302.4678589,311.1587541,311.6030383,309.006133,"Molossops temminckii","Molossops temminckii","Chiroptera","Molossidae",5.86,0.181,43,28.49,5453.379,NA,479.645,0.087953726,NA,573.289,76.1,NA,0.99,1,362.939,1,38.5,NA,2115.265,0.105125464,0.16894198,NA,NA,1,2,NA,NA,100,0,0,100,0,0,0,0,0,0,0,0,0,1,3,1,0,0,0,1,NA,NA,NA,0,0,0,1,1,0,0,0,0,1,0,0,0,0,0,0,0,0,0,1,0,1,0,0,1,0,0,0,0,0,0,0,0,0,1,0,0,0.295828455,0.805443393,1.308805882,51.96110315,7.706666667,NA,NA,NA,0,1,0,0,1,0,31.86001373,-13.93336962,29.29724921,-9.61267795,29.54104708,-14.80253555,-6.602534217,-7.646119337,9.834745616,2.834555938,-4.711474205,5.388173668,0.199246748,0.208258005,-8.103594116,-2.906195478,0.80592209
"Myotis lucifugus",246.5068099,83.91816646,148.5297948,270.3559849,202.5012448,375.6947025,167.2816395,213.1295183,207.8358184,207.8424982,196.9304635,"Myotis lucifugus","Myotis lucifugus","Chiroptera","Vespertilionidae",7.15,0.161,52.7,37.76,12410,280.6,245.3,0.019766317,210,730,57.395,NA,1,1,364.75,2.07,25.5,6.79,4117.2,0.058823529,0.28951049,NA,NA,1,2,NA,NA,100,0,0,100,0,0,0,0,0,0,0,0,0,1,3,1,0,0,0,1,NA,NA,NA,0,1,1,3,1,0,0,0,0,1,0,0,0,0,0,0,0,0,1,0,0,1,0,0,1,0,0,1,0,0,0,0,0,0,1,0,0,0.06576453,1.007091816,1.508305241,39.02190619,5.999999995,605.9999998,1,NA,0,0,0,1,0,0,37.88327088,19.0373445,21.60100263,-13.91003252,-19.07964423,8.18141503,5.450364186,1.804002305,-6.23539215,-7.275945818,0.262759234,-3.020824806,-1.110861926,0.332675678,-7.824267412,-0.955007135,1.017746481
"Rousettus leschenaultii",249.9029003,192.8827976,197.0528307,303.2488131,309.9534907,399.872315,219.9813337,282.442091,273.0270968,273.104641,267.4932714,"Rousettus leschenaultii","Rousettus leschenaultii","Chiroptera","Pteropodidae",96.565,1.686,131.724,82.25,5110,322.24,236.12,0.046207436,455,278.81,118.33,NA,1.005,2,234.776,12,52.34,37,1679.855,0.054561644,0.249779941,NA,NA,0,2,NA,NA,0,0,100,0,0,0,0,0,0,60,40,0,0,2,1,1,0,0,0,1,1140,0,1140,0,1,0,2,0,1,0,0,0,1,0,0,0,0,0,0,0,1,0,0,0,1,0,0,1,0,0,1,0,0,0,0,0,0,1,0,0,0.050886091,1.339062906,1.921597729,53.0847255,5.999999995,1000.999999,1,NA,0,0,0,1,1,0,-42.31423008,-15.19930533,-26.23281908,-34.16936153,-4.951188358,-24.10950334,23.13412196,-6.821884647,-19.11831858,6.753096905,5.558086046,11.80805967,14.86412621,-4.7924146,-2.990095493,1.579033317,-9.049495712
"Uroderma bilobatum",189.0449668,191.879931,154.4315358,269.2254804,190.9955848,332.3564657,222.7953602,216.7921522,200.3006829,200.2941385,190.2424034,"Uroderma bilobatum","Uroderma bilobatum","Chiroptera","Phyllostomidae",16.24,0.53,69,42.03,6305.431,NA,289.007,0.045834615,NA,411.934,130.88,NA,1,2,218.211,NA,35.51,8.14,1905.883,0.065330031,NA,NA,NA,0,2,NA,NA,10,0,90,10,0,0,0,0,0,80,10,0,0,1,2,1,0,0,0,1,2600,0,2600,0,1,0,2,0,1,0,0,0,1,0,0,0,0,0,0,0,0,0,1,0,1,1,0,0,0,0,0,0,0,0,0,0,0,0,0,0,0.244304699,1.460793808,1.837024482,40.59580274,6.299999993,30.49999998,NA,NA,0,0,1,0,1,1,22.87396608,-48.84583997,-0.486401306,8.298297516,12.58380533,14.46165248,6.209021819,8.461477182,-6.052807448,2.059241446,1.704132033,1.103551603,0.00519366,-1.061856176,1.03510043,-10.09825441,2.175317612
"Vampyriscus bidens",150.7770969,155.8675047,168.6708093,251.2867702,190.7456309,350.181965,164.7111726,209.6085055,170.9690557,171.0722414,157.3699354,"Vampyressa bidens","Vampyressa bidens","Chiroptera","Phyllostomidae",11.91,0.487,62,35.57,5749.193,NA,355.016,0.06175058,NA,483.409,115.893,NA,0.99,1.866,244.131,0.61,54.526,NA,2056.8,0.084082931,0.094616071,NA,NA,0,2,NA,NA,0,0,100,0,0,0,0,0,0,100,0,0,0,1,1,1,0,0,0,1,500,NA,NA,0,1,0,1,0,1,0,0,0,1,0,0,0,0,0,0,0,0,0,1,0,1,0,0,0,0,0,0,0,0,0,0,0,0,0,0,0,0.864478645,1.989488363,2.841826575,43.807,6.384900004,NA,NA,NA,0,0,1,0,1,0,21.68667328,-50.26747121,-10.50564386,11.81197888,-9.866637937,12.57635056,-3.981775764,15.88412381,-1.930454189,10.23309487,-1.45174131,7.16257565,6.183267692,4.86686531,-3.444992102,3.722409046,5.287784467
"Phyllostomus hastatus",132.6190714,198.9153526,187.4697537,267.1902011,214.3719329,316.9661912,47.55248906,194.8487639,173.8705167,174.0114091,157.2445863,"Phyllostomus hastatus","Phyllostomus hastatus","Chiroptera","Phyllostomidae",82.6,1.532,128.5,83.27,6570,487.04,424.699,0.064642161,NA,550.348,120,NA,1,1,350.608,15.92,72.82,59.09,2034.894,0.083766819,0.192736077,NA,NA,0,2,NA,NA,40,50,10,40,0,50,0,0,0,10,0,0,0,2,3,1,0,0,0,1,NA,NA,NA,1,1,0,3,0,0,0,0,1,1,0,0,0,0,0,0,0,0,0,1,0,1,1,0,1,0,0,0,0,0,0,0,0,0,1,0,0,0.505135602,1.683180115,2.098527365,53.08102268,7.599999995,54.99999994,0,14.99999999,0,0,0,1,1,1,19.683525,-49.58420279,-17.94008855,11.99291269,-21.74362285,-4.489213623,-9.427991927,-4.223632938,8.212986631,-4.599509323,-1.942690547,-5.304628462,-7.953612515,-5.534581407,1.315056081,-3.367827936,-5.828132095
"Lissonycteris angolensis",281.5526366,166.8032159,288.0170592,343.4810277,305.8882235,328.6832572,235.7375591,297.2901219,275.430214,275.5199512,271.0241422,"Myonycteris angolensis","Myonycteris angolensis","Chiroptera","Pteropodidae",68.31,1.762,120.08,73.08,3157.25,NA,276.058,0.087436218,NA,374.103,121.66,NA,0.99,2,242.055,NA,82.951,NA,1404.814,0.118490142,NA,NA,NA,0,2,NA,1,0,0,100,0,0,0,0,0,0,60,40,0,0,2,1,1,0,0,0,1,4000,0,4000,0,1,0,5,0,1,0,0,0,1,0,0,0,0,1,0,0,0,0,0,0,1,1,1,1,0,1,1,0,0,0,0,0,0,1,0,0,0.548155281,1.06194851,1.2383254,NA,NA,NA,NA,NA,NA,NA,NA,NA,1,1,-50.19904882,-11.54517924,-25.67180408,-37.24904585,-3.1529766,-21.1126041,22.15077249,-3.445136979,-16.33851552,6.977016033,5.426341534,12.00437674,6.459155763,-10.90340019,-2.395079055,2.131458907,-9.634114682
"Triaenops afer",283.0214244,238.0442497,290.9100759,369.9918126,312.161234,401.3616989,40.8542087,279.4276812,216.0456169,216.5196341,196.6625445,"Triaenops afer","Triaenops afer","Chiroptera","Hipposideridae",13.18,0.27,57,53,5583.609,NA,607.572,0.108813493,NA,728.187,106.59,NA,1.064,1.006,364.003,NA,70.749,NA,2314.088,0.130415113,NA,NA,NA,1,2,NA,NA,100,0,0,100,0,0,0,0,0,0,0,0,0,1,3,2,0,0,0,1,NA,0,NA,NA,NA,NA,2,1,0,0,0,0,NA,NA,NA,NA,0,1,0,0,0,0,0,0,1,1,0,0,0,0,0,0,0,0,0,0,0,0,0,0,0.35428278,0.516584828,0.571875851,41.49339732,7.4,NA,NA,NA,NA,NA,NA,NA,1,1,-71.01154162,9.256855578,18.48702293,30.44061025,-3.449155899,-1.20234063,-1.082877196,-6.765003714,-9.287884056,6.036949493,-5.44952368,-1.340200102,-0.863270765,5.191142696,-0.319219603,-0.947666508,-13.44454218
"Myotis davidii",301.5068637,197.1626588,305.055162,332.7193901,345.7186262,384.6705505,245.1492387,294.5126609,270.2296852,270.3926195,264.1462316,"Myotis davidii","Myotis davidii","Chiroptera","Vespertilionidae",5.3,0.147,50,NA,8760,410.5,365,0.041666667,456,458.407,62.769,NA,1,1,364.75,NA,46.34,NA,2632.544,0.052329566,NA,NA,NA,1,2,NA,NA,100,0,0,NA,NA,NA,NA,NA,NA,NA,NA,NA,NA,1,3,1,0,0,0,1,NA,NA,NA,NA,NA,NA,2,1,0,0,0,0,1,0,0,0,1,0,0,0,0,0,0,0,1,0,0,0,0,0,1,0,0,0,0,0,0,0,0,0,0.030416338,0.436748156,0.532933087,NA,NA,NA,NA,NA,NA,NA,NA,NA,0,0,36.90623863,23.6882072,12.68706752,-9.518872756,-17.52420172,12.55181916,12.42641452,-10.03220509,7.139451788,-0.077956037,-5.107116055,5.839377811,0.030631318,-0.263003189,-1.138498923,-1.297936274,-1.026212739
"Hypsignathus monstrosus",300.107367,163.2264367,261.1754519,328.5189253,307.4006711,374.2031092,254.2501883,302.4459439,275.430214,275.5199512,271.0241422,"Hypsignathus monstrosus","Hypsignathus monstrosus","Chiroptera","Pteropodidae",336.97,3.35,265.24,127.5,4462.125,227.99,227.99,0.05109449,NA,353.13,125.14,NA,1.4,2,240.491,39.3,97.458,163.92,1630.362,0.079139423,0.32655726,NA,NA,0,2,NA,NA,0,10,90,0,10,0,0,0,0,90,0,0,0,1,1,1,0,0,0,1,1800,NA,NA,0,0,0,2,0,1,0,0,0,1,0,0,0,0,1,0,0,0,0,0,0,1,1,0,0,0,0,0,0,0,0,0,0,0,0,0,0,0.653066915,1.429027692,1.871984611,48.20558231,6.700000005,NA,0,NA,0,0,1,0,1,1,-55.10002611,-9.15202893,-24.66382541,-38.83561895,-1.677568592,-17.18991599,19.43955612,-0.734201194,-12.90780346,6.749134937,5.504662473,11.58965729,-2.420483186,-12.54769331,-1.986235604,2.605343726,-6.957364582
"Neoromicia rendalli",226.1527902,105.9475545,177.5094261,272.9595727,226.1634974,309.6801684,116.0445856,257.9431495,208.0485299,208.0492244,197.126293,"Neoromicia rendalli","Neoromicia rendalli","Chiroptera","Vespertilionidae",6.42,0.243,63.826,34.5,3553.066,NA,356.529,0.100344041,NA,425.97,94.017,NA,1.658,1.035,361.551,NA,46.126,NA,1795.775,0.119888007,NA,NA,NA,1,2,NA,1,100,0,0,100,0,0,0,0,0,0,0,0,0,1,3,1,0,0,0,1,NA,0,NA,NA,NA,NA,1,1,0,0,0,0,1,0,0,0,0,1,0,0,0,0,0,0,0,1,0,0,0,0,0,0,0,0,0,0,0,0,0,0,0.296118213,0.525038311,0.583898745,NA,NA,NA,NA,NA,0,0,0,1,0,1,33.20417194,35.7594385,-27.26962417,12.41644509,8.584390106,0.237741175,1.269008835,-2.141655605,4.055926043,12.02154513,9.96936915,-8.904738638,0.590841389,-0.079997348,-2.572630079,-0.720366808,0.646301465
"Monophyllus redmani",91.07435906,135.652977,169.8390807,229.2830835,92.57089873,254.3956012,78.44836721,193.0316652,170.1765095,170.3042537,156.582352,"Monophyllus redmani","Monophyllus redmani","Chiroptera","Phyllostomidae",8.745,0.43,63.067,39.43,4566.211,NA,491.454,0.107628404,NA,604.814,119.381,NA,0.99,1.515,262.495,NA,59.433,NA,2123.282,0.132454238,NA,NA,NA,0,2,NA,NA,20,0,80,20,0,0,0,0,0,40,40,0,0,3,2,1,0,0,0,1,NA,NA,NA,1,1,0,1,0,1,0,0,0,0,0,0,1,0,0,0,0,0,0,1,0,0,0,0,0,0,0,1,0,0,0,0,0,0,0,0,0,0.523699549,1.207510845,1.570732869,50.87756768,NA,10.5,NA,4.999999999,1,0,0,0,0,0,19.21636579,-48.68763301,-18.7266817,11.38126126,-22.72820913,-8.39623672,-9.386197827,-8.258115499,8.32468464,-7.042295553,-1.079237021,-7.018422804,-7.442716498,-4.843353733,1.415969641,-3.482304022,-3.931543071
"Hipposideros ruber",225.5743117,113.1192254,181.3993536,309.5655472,216.8144499,393.1799012,92.40350845,239.1856859,199.4085915,199.661196,182.5901906,"Hipposideros ruber complex str2","Hipposideros ruber","Chiroptera","Hipposideridae",10.035,0.265,54.99,49.55,5670.861,656.14,581.78,0.102591123,730.5,688.32,106.54,NA,1,1,364.196,2.79,91.32,NA,2223.306,0.121378394,0.278026906,NA,NA,0,2,NA,NA,100,0,0,100,0,0,0,0,0,0,0,0,0,1,3,1,0,0,0,1,2300,0,2300,NA,NA,NA,2,1,0,0,0,0,1,0,0,0,0,1,0,0,0,0,0,0,1,1,0,0,0,0,1,0,0,0,0,0,0,0,0,0,0.245779787,1.191921358,1.683873151,35.43480964,6.542857143,624.9999995,NA,1,1,0,0,0,1,0,-74.26470932,9.108294181,12.64484867,16.70398689,-0.285386934,10.65963471,-15.00337522,-10.30031005,-3.472213634,-2.947817133,13.09826289,9.165988202,-4.451356693,5.079603954,-0.173330466,0.147313703,3.179674172
"Centurio senex",76.97427026,113.4210383,113.9162837,243.0365164,101.6980817,314.9686338,90.29115677,151.8261925,169.7777384,169.9045892,156.1589401,"Centurio senex","Centurio senex","Chiroptera","Phyllostomidae",23.09,0.688,68,44,5883.757,NA,370.66,0.062997163,NA,495.951,115.425,NA,0.995,1.858,240.505,NA,51.375,NA,2079.503,0.08429155,NA,NA,NA,0,2,NA,NA,0,0,100,0,0,0,0,0,0,100,0,0,0,1,1,1,0,0,0,1,1400,NA,NA,1,0,0,2,0,1,0,0,0,1,0,0,0,0,0,0,0,0,0,1,0,1,0,0,1,0,0,0,0,0,0,0,0,0,1,0,0,0.262270595,1.11286117,1.424137458,NA,NA,2.000000002,NA,NA,0,1,0,0,1,0,21.51847605,-50.21282551,-11.20171214,12.09020744,-10.87731569,12.35102506,-4.618373224,15.97842306,-0.967487002,11.01753699,-2.136894215,8.036627004,6.388886731,5.058688375,-4.353282741,5.842765686,4.579710946
"Pipistrellus nanulus",209.7570427,88.47858089,169.8395249,265.965516,196.2744104,321.0010521,165.566441,231.7641284,208.0485299,208.0492244,197.126293,"Pipistrellus nanulus","Pipistrellus nanulus","Chiroptera","Vespertilionidae",2.51,0.153,58.578,28,1907.921,NA,262.829,0.137756752,NA,347.707,73.338,NA,1.96,1.361,337.435,NA,44.801,NA,1470.606,0.182243919,NA,NA,NA,1,2,NA,NA,100,0,0,100,0,0,0,0,0,0,0,0,0,1,3,1,0,0,0,1,NA,0,NA,0,1,0,1,1,0,0,0,0,1,0,0,0,0,1,0,0,0,0,0,0,1,1,0,1,0,0,0,0,0,0,0,0,0,1,0,0,0.366414852,0.820491968,1.068972747,NA,NA,NA,NA,NA,NA,NA,NA,NA,1,0,32.27725726,36.1177242,-30.39004163,15.06459218,11.08398554,-3.055986617,-4.489062462,4.57943847,-5.826808615,-11.37507271,-8.210429993,6.981031408,-0.663717318,0.19904335,1.949451006,0.639364563,-0.016626932
"Epomops buettikoferi",281.024621,232.1606939,317.7538786,338.6707186,301.5722405,328.8006555,284.51227,300.9326523,275.430214,275.5199512,271.0241422,"Epomops buettikoferi","Epomops buettikoferi","Chiroptera","Pteropodidae",135.67,2.539,180,90.16,790.833,275.89,275.89,0.34886,NA,365,139.92,NA,0.98,2,240.844,23.23,55.65,47.26,1330.732,0.461538656,0.335599617,NA,NA,0,2,NA,NA,0,0,100,0,0,0,0,0,0,100,0,0,0,1,1,1,0,0,0,1,1200,0,1200,0,0,0,2,0,1,0,0,0,1,0,0,0,0,1,0,0,0,0,0,0,1,1,1,1,0,0,0,0,0,0,0,0,0,1,0,0,0.99835677,1.665111927,2.220547703,NA,NA,NA,NA,NA,NA,NA,NA,NA,1,0,-55.7379886,-8.84098389,-24.54686267,-39.04802649,-1.432209494,-16.41842966,18.84337773,-0.18919473,-12.10042543,6.698555377,5.334958714,11.30539158,-4.335917987,-12.46772401,-1.872286398,2.646745522,-6.20132552
"Miniopterus nimbae",179.4804907,79.83219515,105.4966908,260.7779412,98.27649874,264.7942453,22.9260024,185.6422766,157.9884534,158.1727784,143.383633,"Miniopterus nimbae","Miniopterus nimbae","Chiroptera","Miniopteridae",9.7,NA,113,47.4,NA,NA,NA,NA,NA,NA,NA,NA,1,NA,NA,NA,NA,NA,NA,NA,NA,NA,NA,NA,NA,NA,NA,100,0,0,100,0,0,0,0,0,0,0,0,0,1,3,1,0,0,0,1,1000,500,500,0,NA,NA,2,1,0,0,0,0,1,0,0,0,0,1,0,0,0,0,0,0,1,0,0,0,0,0,1,0,0,0,0,0,0,0,0,0,NA,NA,NA,NA,NA,NA,NA,NA,NA,NA,NA,NA,0,0,NA,NA,NA,NA,NA,NA,NA,NA,NA,NA,NA,NA,NA,NA,NA,NA,NA
"Glauconycteris poensis",239.167406,145.1247276,223.733507,294.0667458,130.9844207,330.2961005,160.420529,274.0952809,210.204382,210.2058807,199.6951561,"Glauconycteris poensis","Glauconycteris poensis","Chiroptera","Vespertilionidae",6.91,0.205,63.564,37.5,3636.157,NA,346.365,0.095255788,NA,406.184,76.099,NA,1.734,1.045,362.237,NA,40.363,NA,1642.426,0.111706948,NA,NA,NA,1,2,NA,NA,100,0,0,100,0,0,0,0,0,0,0,0,0,1,3,1,0,0,0,1,NA,0,NA,0,0,0,1,1,0,0,0,0,1,0,0,0,0,1,0,0,0,0,0,0,1,0,0,0,0,0,0,0,0,0,0,0,0,0,0,0,0.946298839,1.555734402,2.018977177,NA,NA,NA,NA,NA,NA,NA,NA,NA,1,0,35.72614497,24.83970269,5.276028996,-5.371130468,-13.95303744,13.08469403,13.86593466,-14.22195992,14.20225271,8.122032385,-4.561135788,8.213318929,1.732756997,0.286774384,12.39151448,2.474930561,-0.079497484
"Carollia sowelli",157.8021265,153.9354788,163.5732067,235.5669615,113.5045071,301.7757756,180.5572524,223.8670685,192.5175475,192.5131055,182.1835596,"Carollia sowelli","Carollia sowelli","Chiroptera","Phyllostomidae",16.5,0.528,70,40.26,5401.267,NA,374.724,0.069377055,NA,497.208,114.251,NA,0.98,1.757,232.652,NA,57.757,NA,2066.746,0.092053957,NA,NA,NA,0,2,NA,NA,20,0,80,0,0,0,0,0,0,100,0,0,0,1,2,1,0,0,0,1,NA,NA,NA,NA,NA,NA,2,0,1,0,0,0,1,0,0,0,0,0,0,0,0,0,1,0,1,0,0,0,0,0,0,1,0,0,0,0,0,0,0,0,0.541043635,1.6321688,2.003352159,NA,NA,NA,NA,NA,NA,NA,NA,NA,0,0,20.25070157,-50.20865758,-16.48598948,12.65884758,-19.84652663,2.045796577,-9.095559216,3.797899053,7.11049684,1.947723215,-3.64574176,0.603170638,-4.845866508,-4.521446793,-1.457697487,1.44924957,-7.709033914
"Mormoops blainvillei",271.5069742,215.370805,333.2365403,297.790919,190.0121026,291.4532224,205.8556869,284.8068594,252.3766521,252.4922967,248.7566655,"Mormoops blainvillii","Mormoops blainvillei","Chiroptera","Mormoopidae",10.345,0.326,63.748,46.5,5376.244,NA,518.183,0.096383832,NA,639.782,115.049,NA,1,1,360.978,NA,68.197,NA,2100.748,0.119001667,NA,NA,NA,0,2,NA,NA,100,0,0,100,0,0,0,0,0,0,0,0,0,1,3,1,0,0,0,1,NA,NA,NA,1,1,0,1,1,0,0,0,0,0,0,0,1,0,0,0,0,0,0,1,0,0,0,0,0,0,0,1,0,0,0,0,0,0,0,0,0,1.00516996,1.470368489,1.678370595,26.53457132,6.340000002,NA,NA,NA,1,0,0,0,0,0,11.41134424,-41.45370299,-21.63724187,0.464240182,-20.24199559,-21.58749381,1.178390745,-19.14759413,-2.992314702,-8.500991775,3.165681435,-4.980308672,8.196329373,10.55064707,2.705550351,-1.366949393,11.53743525
"Pteronotus rubiginosus",97.52382567,138.9326319,188.5868267,176.6181748,93.92562239,266.9254723,330.3057685,211.0673456,210.291403,210.2230978,209.9641893,"Pteronotus rubiginosus","Pteronotus parnellii","Chiroptera","Mormoopidae",19.395,0.532,68.5,60.09,5193.601,NA,509.676,0.098135379,NA,640.373,107.97,NA,0.995,1,360.787,NA,76.1,NA,2089.985,0.123300384,NA,NA,NA,0,2,NA,NA,99,0,1,100,0,0,0,0,0,0,0,0,0,1,3,1,0,0,0,1,2200,65,2135,NA,NA,NA,1,1,0,0,0,0,1,0,0,0,0,0,0,0,0,0,1,0,1,0,0,0,0,0,0,0,0,0,0,0,0,0,0,0,0.631473865,1.593643346,2.461707633,NA,NA,NA,NA,NA,NA,NA,NA,NA,1,0,8.448393025,-39.91199438,-22.30673222,-2.08132163,-19.46571397,-23.06297098,3.294621635,-19.73278445,-5.257527118,-7.804998808,3.295893232,-4.355395833,11.45107937,13.30548438,2.589103085,-2.01646324,12.93941541
"Cynopterus sphinx",304.7549808,239.0010998,260.5249713,313.6365461,338.221287,315.8235407,247.8420927,319.7636361,276.1580853,276.2463184,271.1571379,"Cynopterus sphinx","Cynopterus sphinx","Chiroptera","Pteropodidae",37.4,1.061,112.995,71,3686.5,312.99,251.71,0.068278855,525,319.37,120,NA,1.1,2,224.836,11,42,25,1285.253,0.086632307,0.647058824,NA,NA,0,2,NA,1,0,0,100,0,0,0,0,0,0,100,0,0,0,1,1,1,0,0,0,1,400,0,400,0,1,0,2,0,1,0,0,0,1,0,0,0,0,0,0,0,1,0,0,0,1,0,0,1,0,0,0,0,0,0,0,0,0,1,0,0,0.388383563,1.628902836,1.741850899,45.05834467,6.700000005,2.000000002,0,NA,0,0,0,1,1,0,-72.40461383,5.465922457,-7.119650323,-21.55501246,4.994239287,10.81479304,-10.26481155,0.887604717,6.725540354,-6.213136849,-0.111939413,-3.460147287,16.59815976,-13.22213245,-0.176294972,0.294315905,-0.310609694
"Carollia brevicauda",175.1453565,172.5656527,149.6253176,227.7169695,112.4579358,305.0938904,148.306064,190.940429,192.5175475,192.5131055,182.1835596,"Carollia brevicauda","Carollia brevicauda","Chiroptera","Phyllostomidae",14.85,0.551,70,40.26,5397.685,NA,415.332,0.076946321,NA,536.402,114.949,NA,0.98,1.724,234.833,NA,61.246,NA,2093.991,0.099376307,NA,NA,NA,0,2,NA,NA,0,0,100,0,0,0,0,0,0,100,0,0,0,1,2,1,0,0,0,1,NA,NA,NA,0,1,0,2,0,1,0,0,0,1,0,0,0,0,0,0,0,0,0,1,0,1,1,0,0,0,0,0,0,0,0,0,0,0,0,0,0,0.25527192,1.658083401,2.079458689,49.52089301,5.499999994,NA,NA,NA,0,1,0,0,1,1,20.30325421,-50.22711872,-16.3280168,12.73458172,-19.56922806,2.715046151,-8.971698618,4.615039579,6.84813088,2.695685789,-3.72048581,1.264798498,-4.138005939,-4.085316039,-1.794176447,2.014232324,-7.481774957
"Brachyphylla cavernarum",163.8123801,166.3638244,143.3667406,221.1224876,79.98412701,243.6629282,112.7427272,159.4224999,170.1634317,170.2911759,156.5907477,"Brachyphylla cavernarum","Brachyphylla cavernarum","Chiroptera","Phyllostomidae",45,1.278,81.26,66.21,5070.248,NA,383.769,0.07569038,NA,506.168,121.518,NA,1,1.5,243.325,NA,73.44,NA,2067.021,0.099831014,NA,NA,NA,0,2,NA,NA,10,0,90,10,0,0,0,0,0,70,10,0,10,1,2,1,0,0,0,1,NA,NA,NA,1,0,0,2,0,1,0,0,0,0,0,0,1,0,0,0,0,0,0,1,0,1,0,0,0,0,0,1,0,0,0,0,0,0,0,0,0,0.46201271,1.062953967,1.357717575,37.95651214,6.360000005,NA,NA,NA,0,0,0,1,1,0,18.68513788,-47.80462313,-19.59534923,10.26893625,-23.61884847,-12.50208464,-8.414816443,-12.08837721,7.428485017,-8.573350999,0.091000057,-7.27645535,-5.873433207,-3.944275092,1.178937443,-1.656965042,-2.054262022
"Eidolon helvum",107.9857308,88.62814284,206.6296437,298.3214248,89.42627046,294.0683791,172.6721935,266.1193079,168.4381516,168.1171051,184.5378218,"Eidolon helvum","Eidolon helvum","Chiroptera","Pteropodidae",280.43,4.433,198.79,120.5,7968.863,NA,534.874,0.067120491,NA,698.089,219.68,NA,1.04,1,364.75,49.14,62.915,112.53,1825,0.087602083,0.182240131,NA,NA,0,2,NA,NA,0,0,100,0,0,0,0,0,0,100,0,0,0,1,1,2,0,0,0,1,2000,0,2000,NA,NA,NA,3,0,1,0,0,0,1,0,0,0,0,1,0,0,0,0,0,0,1,1,0,1,0,0,0,0,0,0,0,0,0,1,0,0,0.020779007,1.12876395,1.486843773,47.11269039,6.900000004,549999.9994,1,NA,0,0,0,1,1,1,-69.61600661,3.651692616,-13.7028015,-33.43348477,6.287611115,9.121321307,-6.965165104,4.338188262,7.602359555,-3.171228888,-7.966366979,-8.678972713,8.056814492,8.150239196,1.075972266,-2.613332232,-5.242383054
"Artibeus lituratus",160.9610623,131.8749712,163.315006,300.1475182,143.5036637,297.6939228,150.4549118,211.092322,169.8059271,169.9327779,156.1626708,"Artibeus lituratus","Artibeus lituratus","Chiroptera","Phyllostomidae",46.1,1.05,93,70.33,7014.083,326.825,288.37,0.041113001,365.28,394.91,106.54,NA,1,2,219.849,8.9,15,33.79,1878.836,0.056302442,0.386117137,NA,NA,0,2,NA,NA,10,0,90,10,0,0,0,0,0,80,10,0,0,1,2,1,0,0,0,1,NA,NA,NA,0,1,0,2,0,1,0,0,0,1,0,0,0,0,0,0,0,0,0,1,0,1,0,0,1,0,0,0,0,0,0,0,0,0,1,0,0,0.23621292,1.306910639,1.670885842,45.31317706,6.1,10.5,0,NA,0,0,0,1,1,0,21.06242055,-50.15910647,-13.1328493,12.66691208,-14.1558529,10.63023099,-6.463358068,14.66130765,1.750039705,10.92992552,-3.509183766,8.370784522,4.617135331,3.221760067,-5.211847365,7.817688491,0.707875896
"Hipposideros armiger",274.8485756,164.3694132,233.9870829,328.700805,263.263903,334.7365959,216.544142,261.7902249,222.4802311,222.5086835,210.3326486,"Hipposideros armiger","Hipposideros armiger","Chiroptera","Hipposideridae",49.99,0.76,97.72,89.49,5024.223,NA,601.457,0.119711446,NA,751.548,137.028,NA,1.027,1.005,361.19,NA,82.464,NA,2272.723,0.149584921,NA,NA,NA,0,2,NA,NA,100,0,0,100,0,0,0,0,0,0,0,0,0,1,3,1,0,0,0,1,2031,100,1931,0,1,0,2,1,0,0,0,0,1,0,0,0,0,0,0,0,1,0,0,0,1,0,0,1,0,0,1,0,0,0,0,0,0,1,0,0,0.48534093,1.630481642,2.236671064,30.83319034,5.569999998,NA,NA,NA,0,0,0,1,1,0,-73.40242062,9.195365577,14.36584835,20.60317145,-1.073517893,8.629214882,-13.02738382,-10.69072751,-5.325699413,-1.352040112,11.34723335,8.71298878,-4.567782236,8.482799857,-0.245316364,-0.433373838,-2.740436698
"Dermanura glauca",43.56884983,85.5599084,77.57995772,189.315876,74.10539524,226.9036135,42.8795177,141.5490658,169.7777384,169.9045892,156.1589401,"Artibeus glaucus","Dermanura glaucus","Chiroptera","Phyllostomidae",12.505,0.476,47,NA,5984.62,NA,354.741,0.059275443,NA,477.199,117.278,NA,0.99,1.904,235.076,NA,36.691,NA,2102.364,0.079737561,NA,NA,NA,0,2,NA,NA,10,0,90,10,0,0,0,0,0,80,10,0,0,1,2,1,0,0,0,1,NA,NA,NA,0,0,0,1,0,1,0,0,0,1,0,0,0,0,0,0,0,0,0,1,0,1,0,0,0,0,0,0,0,0,0,0,0,0,0,0,0,0.267906658,1.624112694,2.149416485,NA,NA,NA,NA,NA,0,0,1,0,1,0,21.25072226,-50.07743477,-12.19976593,12.40751567,-12.431404,11.7784985,-5.400401879,15.64854198,0.256642189,11.41400046,-2.853921284,8.615552726,5.981603051,4.535423426,-4.860696927,7.28215906,2.962462544
"Neoromicia nana",275.4576387,169.3987703,287.1976509,359.5087229,292.6954357,335.915196,224.3066599,304.8932864,233.3959167,233.4006501,225.4269765,"Neoromicia nanus","Neoromicia nana","Chiroptera","Vespertilionidae",3.88,0.1,57.597,29,1255.221,NA,193.337,0.154026263,NA,302.175,75.56,NA,1.86,1.5,315.979,NA,44.211,NA,1316.869,0.2407345,NA,NA,NA,1,2,NA,1,100,0,0,100,0,0,0,0,0,0,0,0,0,1,3,1,0,0,0,1,NA,0,NA,NA,NA,NA,3,1,0,0,0,0,1,0,0,0,0,1,0,0,0,0,0,0,1,1,0,1,0,0,0,1,0,0,0,0,0,1,0,0,0.020744116,0.796723408,1.047019852,21.68127581,6.078357571,5.999999995,NA,NA,0,0,1,0,1,1,33.20576042,35.76947411,-27.30561046,12.43817017,8.623862296,0.195223545,1.215537309,-2.072695739,3.972231674,11.94647349,9.980131575,-8.94970692,0.572049597,-0.080899309,-2.739329748,-0.746579845,0.640133566
"Hipposideros larvatus",237.0924385,171.1999437,211.969587,295.9263128,219.4233664,318.0411396,155.35443,266.5074085,215.5388447,215.5277324,203.7956403,"Hipposideros larvatus","Hipposideros larvatus","Chiroptera","Hipposideridae",19.95,0.416,68.387,59.99,5229.055,NA,607.866,0.116247773,NA,729.087,104.246,NA,0.98,1.039,364.027,3.75,66.613,NA,2247.277,0.139429973,0.191394737,NA,NA,1,2,NA,NA,100,0,0,100,0,0,0,0,0,0,0,0,0,1,3,1,0,0,0,1,NA,NA,NA,1,1,0,2,1,0,0,0,0,1,0,0,0,0,0,0,0,0,0,0,0,1,0,0,1,0,0,1,0,0,0,0,0,0,1,0,0,0.522989275,1.670840773,1.624375852,33.39594081,5.300000005,NA,NA,NA,0,0,0,1,1,0,-73.26889888,9.217741449,14.69634406,21.34406042,-1.227831471,8.099093842,-12.3982693,-10.48269016,-5.486500351,-1.038048784,10.80598395,8.446061634,-4.739466703,8.95576663,-0.240540248,-0.525880163,-3.769379688
"Coleura afra",249.6744729,167.0035068,207.148246,272.8693125,268.8724569,346.1780819,179.4989878,229.6781337,205.9081675,205.9232447,190.4739874,"Coleura afra","Coleura afra","Chiroptera","Emballonuridae",10.68,0.258,66,48,2383.193,365,365,0.153155871,NA,365,108.128,NA,1,1.5,282.658,NA,53.021,NA,1180.423,0.153155871,NA,NA,NA,1,2,NA,NA,100,0,0,100,0,0,0,0,0,0,0,0,0,1,3,1,0,0,0,1,NA,0,NA,0,1,0,5,1,0,0,0,0,1,0,0,0,0,1,0,0,0,0,0,0,1,1,1,0,0,0,1,1,0,0,0,0,0,0,0,0,0.055794739,0.618813128,0.960825013,NA,NA,25249.99997,0,7,0,0,0,1,0,1,26.57528129,-35.40969312,13.19915225,1.862314803,30.97723328,8.096369054,10.68380989,-5.925983763,-3.752554162,-7.899777287,2.638816537,-8.280480372,-0.730162884,1.155832825,5.065351989,10.47607019,-0.326380246
"Chaerephon pumilus",197.5429728,163.1995554,169.2790743,248.2270453,174.8502689,261.763212,248.5840167,135.7952157,193.9821491,193.6095931,206.6698336,"Chaerephon pumilus str1","Chaerephon pumilus","Chiroptera","Molossidae",10.98,0.287,95,38.99,1825,140.97,140.97,0.077243836,NA,152.08,62.57,NA,1,3,249.926,3.63,24.5,NA,637.227,0.083331507,0.991803279,NA,NA,0,2,NA,NA,100,0,0,100,0,0,0,0,0,0,0,0,0,1,3,1,0,0,0,1,NA,NA,NA,NA,NA,NA,3,1,0,0,0,0,1,0,0,0,0,0,0,0,0,0,0,0,1,1,1,1,0,0,0,0,0,0,0,0,0,1,0,0,0.253815524,0.687256762,0.836328905,57.91060964,8.900000007,4015.000004,0,1,0,0,0,1,1,1,35.47465408,10.27499012,26.1512209,-14.15928083,-0.094455721,-18.40642324,-17.45448612,7.607770584,1.761969812,9.17616034,-0.001050714,5.162008167,1.738510026,-0.523946702,5.248579459,-7.095222211,1.025069302
"Balantiopteryx plicata",167.4019926,118.6792944,140.1661371,287.6755977,229.879976,351.1119888,136.3187673,232.6618602,198.4450756,198.4499304,182.9988218,"Balantiopteryx plicata","Balantiopteryx plicata","Chiroptera","Emballonuridae",6.57,0.233,53,42.23,2533.589,226.19,226.19,0.089276516,NA,365,138.81,NA,0.99,1,341.832,2,58.59,NA,1173.279,0.144064408,0.301369863,NA,NA,1,2,NA,NA,100,0,0,100,0,0,0,0,0,0,0,0,0,1,3,1,0,0,0,1,1500,0,1500,0,1,0,3,1,0,0,0,0,1,0,0,0,0,0,0,0,0,0,1,0,1,0,1,1,0,0,0,0,0,0,0,0,0,1,0,0,0.068096296,0.629602917,0.787564767,NA,NA,1750.000001,NA,13,0,0,0,1,1,0,24.7559254,-43.2547523,7.958798817,3.914673425,26.43929258,11.99872165,12.8377515,-0.354414383,-8.068418278,-3.896409908,4.285575562,-3.919592454,-0.911674002,-1.418494062,6.348470537,-3.544146227,-1.713457856
"Chaerephon pumilus",221.130149,153.3602035,161.6953909,304.312298,128.4375992,240.1157539,234.1710363,162.896399,193.9821491,193.6095931,206.6698336,"Chaerephon pumilus str2","Chaerephon pumilus","Chiroptera","Molossidae",10.98,0.287,95,38.99,1825,140.97,140.97,0.077243836,NA,152.08,62.57,NA,1,3,249.926,3.63,24.5,NA,637.227,0.083331507,0.991803279,NA,NA,0,2,NA,NA,100,0,0,100,0,0,0,0,0,0,0,0,0,1,3,1,0,0,0,1,NA,NA,NA,NA,NA,NA,3,1,0,0,0,0,1,0,0,0,0,0,0,0,0,0,0,0,1,1,1,1,0,0,0,0,0,0,0,0,0,1,0,0,0.253815524,0.687256762,0.836328905,57.91060964,8.900000007,4015.000004,0,1,0,0,0,1,1,1,35.47465408,10.27499012,26.1512209,-14.15928083,-0.094455721,-18.40642324,-17.45448612,7.607770584,1.761969812,9.17616034,-0.001050714,5.162008167,1.738510026,-0.523946702,5.248579459,-7.095222211,1.025069302
"Micropteropus pusillus",274.4225868,179.2934455,256.3377933,371.9505715,300.3240926,361.9723909,183.6742428,331.8783995,272.9578526,273.0971632,268.0012862,"Micropteropus pusillus","Micropteropus pusillus","Chiroptera","Pteropodidae",25.38,0.82,90.69,51.98,1669.875,202.08,202.08,0.121015046,NA,349.79,161.77,NA,0.99,2,236.209,NA,55.18,20,1241.372,0.209470769,NA,NA,NA,0,2,NA,1.5,0,0,100,0,0,0,0,0,0,90,10,0,0,1,1,1,0,0,0,1,NA,NA,NA,0,1,0,3,0,1,0,0,0,1,0,0,0,0,1,0,0,0,0,0,0,0,0,0,0,0,0,0,0,0,0,0,0,0,0,0,0,0.197070573,0.980594068,1.249054797,45.59771293,8.7,5.499999994,NA,0,0,0,1,0,0,0,-57.48460836,-7.758586692,-23.93190627,-39.62314519,-0.399806524,-13.33700247,16.48007788,1.543135205,-9.5722615,6.505893932,4.897473011,10.52621368,-9.458547197,-11.65151285,-1.606485956,2.825710558,-3.505657744
"Epomophorus labiatus",279.595851,221.8737532,292.5756963,359.7304349,330.1060063,307.5472174,239.9392705,300.9326523,275.430214,275.5199512,271.0241422,"Epomophorus labiatus","Epomophorus labiatus","Chiroptera","Pteropodidae",69.65,1.589,94.33,73.23,5594.036,NA,516.483,0.092327436,NA,656.55,156.43,NA,0.99,2,269.438,11,151.901,NA,2081.61,0.117366066,0.312706389,NA,NA,0,2,NA,NA,0,0,100,0,0,0,0,0,0,100,0,0,0,1,1,1,0,0,0,1,2200,0,2200,0,1,0,1,0,1,0,0,0,1,0,0,0,0,1,0,0,0,0,0,0,1,1,1,1,0,0,0,0,0,0,0,0,0,0,0,0,0.037459917,0.700814612,1.042973786,52.25866784,5.9,NA,NA,NA,NA,NA,NA,NA,0,1,-56.98718212,-8.11254671,-24.16166835,-39.37085955,-0.882291573,-14.72220935,17.36999511,0.629690353,-10.54722077,6.444466454,5.140482183,10.77705028,-7.297163561,-11.98788296,-1.714665083,2.827924504,-4.532222826
"Desmodus rotundus",219.9718047,165.3961519,186.6815617,350.4312986,230.646367,399.7267571,266.5655719,208.9691158,192.1211505,192.1441721,182.07697,"Desmodus rotundus","Desmodus rotundus","Chiroptera","Phyllostomidae",33.18,0.882,85.5,58.29,10658,285,285,0.026740477,285,285,189,NA,1,1.26,288.777,8,274,NA,2779.798,0.026740477,0.303797468,NA,NA,0,2,NA,NA,0,100,0,0,100,0,0,0,0,0,0,0,0,1,3,1,0,0,0,1,2400,NA,NA,0,1,0,3,0,0,1,0,0,1,0,0,0,0,0,0,0,0,1,1,0,1,0,0,1,0,1,1,0,0,0,0,0,0,1,0,0,0,1.210481886,1.726114234,45.83315451,6.1,1010.000001,0,44.99999999,0,0,0,1,0,0,13.97843616,-42.70913802,-20.71842174,3.190434605,-21.0776886,-20.18629307,-0.770329815,-18.69038468,-0.977872111,-9.264170184,3.37123664,-5.458342274,5.02163978,7.387171237,2.872174563,-0.837271571,10.08613161
"Hipposideros ruber",251.4082545,198.8556104,240.1094146,305.9808374,344.0956341,354.4792676,215.4660785,240.4190679,199.4085915,199.661196,182.5901906,"Hipposideros ruber complex str1","Hipposideros ruber","Chiroptera","Hipposideridae",10.035,0.265,54.99,49.55,5670.861,656.14,581.78,0.102591123,730.5,688.32,106.54,NA,1,1,364.196,2.79,91.32,NA,2223.306,0.121378394,0.278026906,NA,NA,0,2,NA,NA,100,0,0,100,0,0,0,0,0,0,0,0,0,1,3,1,0,0,0,1,2300,0,2300,NA,NA,NA,2,1,0,0,0,0,1,0,0,0,0,1,0,0,0,0,0,0,1,1,0,0,0,0,1,0,0,0,0,0,0,0,0,0,0.245779787,1.191921358,1.683873151,35.43480964,6.542857143,624.9999995,NA,1,1,0,0,0,1,0,-74.26470932,9.108294181,12.64484867,16.70398689,-0.285386934,10.65963471,-15.00337522,-10.30031005,-3.472213634,-2.947817133,13.09826289,9.165988202,-4.451356693,5.079603954,-0.173330466,0.147313703,3.179674172
"Pteropus giganteus",224.1173012,105.0377158,163.7970741,291.2695478,89.07571358,289.6431682,11.15470609,177.0559232,152.2496503,152.5545499,134.9680008,"Pteropus giganteus","Pteropus giganteus","Chiroptera","Pteropodidae",824.85,7.361,269.64,177.97,14907.208,395.29,380.145,0.025500751,365,551.085,155.795,NA,0.995,1,364.75,67.66,136.04,NA,4260.476,0.036967687,0.0816169,NA,NA,0,2,NA,NA,0,0,100,0,0,0,0,0,0,100,0,0,0,1,1,1,0,0,0,1,2000,0,2000,0,1,0,1,0,1,0,0,0,1,0,0,0,0,0,0,0,1,0,0,0,0,0,0,0,0,0,0,0,0,0,0,0,0,0,0,0,0.96114903,0.96114903,0.96114903,NA,NA,NA,1,NA,0,0,1,0,0,0,-66.81475367,1.163174572,-16.53920806,-37.71427473,5.295116574,4.625673603,-2.330002238,5.032317443,6.226009877,0.768578365,-7.076605328,-7.988061634,-7.305846884,11.26049108,1.158865268,-1.204850563,4.333825033
"Anoura geoffroyi",146.7505213,125.5814138,101.2764578,234.9448392,92.91728799,260.1473249,145.5273218,196.3091876,165.3558993,165.4997479,154.0940592,"Anoura geoffroyi","Anoura geoffroyi","Chiroptera","Phyllostomidae",15.2,0.583,73,42.66,3650,NA,500.387,0.137092329,NA,630.647,121.76,NA,1,1,365,5.1,62.5,8.24,1963.008,0.17278,0.335526316,NA,NA,0,2,NA,NA,30,0,70,30,0,0,0,0,0,30,40,0,0,3,3,1,0,0,0,1,3600,400,3200,0,1,0,3,0,1,0,0,0,1,0,0,0,0,0,0,0,0,0,1,0,1,0,0,1,0,0,1,0,0,0,0,0,0,1,0,0,0.241667209,1.309447821,1.73727223,51.74125703,7.199999993,11.49999999,0,22,0,0,0,1,1,0,18.58339024,-47.63761244,-19.74084772,9.950546576,-23.75920058,-13.3590196,-8.050215243,-12.89744709,7.073847067,-8.878198443,0.419201309,-7.232630361,-5.522708377,-3.795772177,1.16841102,-1.258732487,-1.607562479
"Ametrida centurio",158.5000832,155.6897027,148.1011433,267.6818816,110.4120721,314.8675639,116.3931602,186.4708384,169.7777384,169.9045892,156.1589401,"Ametrida centurio","Ametrida centurio","Chiroptera","Phyllostomidae",11.305,0.29,55,29,6025.173,NA,343.884,0.057074544,NA,475.773,111.907,NA,1,1.91,244.586,NA,38.145,NA,2037.805,0.078964206,NA,NA,NA,0,2,NA,NA,0,0,100,0,0,0,0,0,0,100,0,0,0,1,1,1,0,0,0,1,2100,NA,NA,0,1,0,1,0,1,0,0,0,1,0,0,0,0,0,0,0,0,0,1,0,1,0,0,0,0,0,0,0,0,0,0,0,0,0,0,0,0.735529506,1.360932403,1.602042801,NA,NA,NA,NA,NA,0,0,1,0,1,0,21.58063189,-50.25359517,-10.98034163,12.00242866,-10.58604601,12.40934431,-4.445361685,15.96995432,-1.272409563,10.7838605,-1.923872971,7.769740758,6.346221208,5.017954388,-4.110226269,5.204762772,4.823641729
"Mops condylurus",380.7907015,233.7580029,373.5572879,358.6758424,363.6574745,329.3640495,235.3708767,316.1339907,285.8644464,286.3529321,276.9869246,"Mops condylurus","Mops condylurus","Chiroptera","Molossidae",26.59,0.422,101.823,47.22,3747.588,285.63,285.63,0.076217023,NA,374.27,88.64,NA,1,2,272.133,8.03,49.99,NA,1568.45,0.099869569,0.603986461,NA,NA,1,2,NA,NA,100,0,0,100,0,0,0,0,0,0,0,0,0,1,3,1,0,0,0,1,NA,0,NA,NA,NA,NA,1,1,0,0,0,0,1,0,0,0,0,1,0,0,0,0,0,0,1,1,0,1,0,0,0,0,0,0,0,0,0,1,0,0,0.141140572,0.733398405,0.89259512,60.75957431,9.099999993,NA,1,NA,NA,NA,NA,NA,0,1,35.01962763,6.811274433,26.88612459,-13.53814343,5.368740656,-18.98613812,-16.51332635,4.234672137,5.031620231,9.322216537,-1.894721703,6.951620418,1.220353086,-0.903752923,2.103764017,-8.598362469,0.709638275
